x_m,y_m,w_tr_right_m,w_tr_left_m
0.436,-7.50584,0.7,0.7
0.486,-7.507228,0.7,0.7
0.536,-7.508447,0.7,0.7
0.586,-7.509496,0.7,0.7
0.636,-7.511242,0.7,0.7
0.686,-7.512699,0.7,0.7
0.736,-7.513868,0.7,0.7
0.786,-7.514749,0.7,0.7
0.836,-7.515343,0.7,0.7
0.886,-7.516518,0.7,0.7
0.936,-7.517293,0.7,0.7
0.986,-7.517672,0.7,0.7
1.036,-7.519511,0.7,0.7
1.086,-7.520965,0.7,0.7
1.136,-7.522042,0.7,0.7
1.186,-7.523621,0.7,0.7
1.236,-7.524727,0.7,0.7
1.286,-7.526244,0.65,0.65
1.336,-7.5272,0.65,0.65
1.386,-7.52848,0.65,0.65
1.436,-7.529986,0.65,0.65
1.486,-7.530753,0.65,0.65
1.536,-7.531672,0.65,0.65
1.586,-7.53178,0.65,0.65
1.636,-7.53197,0.65,0.65
1.686,-7.532154,0.65,0.65
1.736,-7.532244,0.65,0.65
1.786,-7.531289,0.65,0.65
1.836,-7.530188,0.65,0.65
1.886,-7.528861,0.6598,0.6598
1.936,-7.527231,0.6697,0.6697
1.986,-7.525223,0.6795,0.6795
2.036,-7.522765,0.7394,0.7394
2.086,-7.519788,0.7492,0.7492
2.136,-7.516224,0.75,0.75
2.186,-7.512012,0.75,0.75
2.236,-7.506219,0.75,0.75
2.286,-7.49977,0.75,0.75
2.33687,-7.492606,0.75,0.75
2.387629,-7.484674,0.75,0.75
2.438279,-7.475919,0.75,0.75
2.488823,-7.466294,0.8,0.8
2.539263,-7.455751,0.8,0.8
2.590474,-7.445231,0.8,0.8
2.641476,-7.433827,0.8,0.8
2.692274,-7.421501,0.85,0.85
2.742875,-7.408223,0.85,0.85
2.793284,-7.393962,0.8492,0.8492
2.844376,-7.378692,0.8394,0.8394
2.895176,-7.362389,0.8788,0.8788
2.945692,-7.345031,0.8689,0.8689
2.995933,-7.3266,0.8591,0.8591
3.046778,-7.307081,0.8992,0.8992
3.097252,-7.28646,0.8894,0.8894
3.147367,-7.264728,0.9089,0.9089
3.197135,-7.241878,0.9189,0.9189
3.246567,-7.217906,0.9288,0.9288
3.295675,-7.19281,0.9288,0.9288
3.345339,-7.166592,0.9288,0.9288
3.394589,-7.139256,0.9488,0.9488
3.443439,-7.110808,0.9391,0.9391
3.492774,-7.08126,0.9488,0.9488
3.541627,-7.050623,0.9595,0.9595
3.590883,-7.018913,0.9488,0.9488
3.639579,-6.986148,0.9788,0.9788
3.687734,-6.95235,0.9692,0.9692
3.736238,-6.917543,0.9595,0.9595
3.784999,-6.881753,0.9595,0.9595
3.833059,-6.845011,0.9488,0.9488
3.880442,-6.807347,0.9391,0.9391
3.928044,-6.768799,0.9294,0.9294
3.975779,-6.729404,0.9595,0.9595
4.022694,-6.688218,0.9498,0.9498
4.069689,-6.646153,0.9488,0.9488
4.115815,-6.603252,0.9391,0.9391
4.161975,-6.559562,0.9294,0.9294
4.207221,-6.515132,0.9197,0.9197
4.252461,-6.470015,0.91,0.91
4.296748,-6.424265,0.91,0.91
4.340994,-6.377941,0.91,0.91
4.385126,-6.331103,0.91,0.91
4.471902,-6.236144,0.9089,0.9089
4.514529,-6.188158,0.8992,0.8992
4.556891,-6.139929,0.8895,0.8895
4.598926,-6.090547,0.8788,0.8788
4.640578,-6.040959,0.8691,0.8691
4.680921,-5.991241,0.8992,0.8992
4.720884,-5.941473,0.8895,0.8895
4.760416,-5.89174,0.8798,0.8798
4.799466,-5.841143,0.8798,0.8798
4.837988,-5.790638,0.8798,0.8798
4.875939,-5.740314,0.9089,0.9089
4.913277,-5.689278,0.91,0.91
4.949964,-5.638492,0.91,0.91
4.985966,-5.588051,0.8992,0.8992
5.021248,-5.537068,0.9089,0.9089
5.055783,-5.48651,0.9197,0.9197
5.089543,-5.435493,0.9294,0.9294
5.122504,-5.384988,0.8992,0.8992
5.153774,-5.334113,0.9089,0.9089
5.184318,-5.282856,0.8788,0.8788
5.214116,-5.232192,0.9089,0.9089
5.243154,-5.181241,0.9288,0.9288
5.271417,-5.130979,0.9089,0.9089
5.298898,-5.080531,0.9288,0.9288
5.325588,-5.02989,0.9089,0.9089
5.351483,-4.979052,0.9288,0.9288
5.377452,-4.928996,0.9189,0.9189
5.402515,-4.878847,0.9488,0.9488
5.426678,-4.828604,0.9288,0.9288
5.449953,-4.778263,0.9488,0.9488
5.47322,-4.727823,0.9288,0.9288
5.495515,-4.677279,0.9689,0.9689
5.516859,-4.626629,0.9488,0.9488
5.538145,-4.57587,0.9788,0.9788
5.558419,-4.525,0.9488,0.9488
5.577714,-4.475,0.9288,0.9288
5.596934,-4.425,0.9689,0.9689
5.614151,-4.375,0.9488,0.9488
5.631148,-4.325,0.9288,0.9288
5.647856,-4.275,0.9689,0.9689
5.664212,-4.225,0.9591,0.9591
5.680161,-4.17413,0.9288,0.9288
5.694667,-4.122501,0.9689,0.9689
5.708553,-4.070223,0.9488,0.9488
5.721775,-4.0174,0.9288,0.9288
5.734297,-3.965007,0.9189,0.9189
5.746089,-3.912161,0.9591,0.9591
5.756139,-3.858964,0.9492,0.9492
5.765297,-3.805512,0.9394,0.9394
5.773544,-3.751901,0.9295,0.9295
5.780869,-3.699091,0.9197,0.9197
5.786283,-3.646191,0.9598,0.9598
5.790652,-3.593289,0.95,0.95
5.79398,-3.540471,0.95,0.95
5.796275,-3.487822,0.95,0.95
5.797551,-3.43542,0.95,0.95
5.797827,-3.383345,0.9492,0.9492
5.796145,-3.33167,0.9394,0.9394
5.793403,-3.281338,0.9295,0.9295
5.789636,-3.231437,0.9197,0.9197
5.783897,-3.182035,0.8598,0.8598
5.777099,-3.133199,0.85,0.85
5.768307,-3.084993,0.85,0.85
5.758441,-3.037477,0.85,0.85
5.747556,-2.989839,0.85,0.85
5.734732,-2.942245,0.8,0.8
5.719919,-2.894857,0.8098,0.8098
5.704054,-2.84783,0.8197,0.8197
5.686341,-2.801314,0.8295,0.8295
5.666856,-2.755452,0.7894,0.7894
5.644694,-2.710384,0.7992,0.7992
5.620918,-2.666241,0.7591,0.7591
5.59474,-2.623151,0.7689,0.7689
5.567226,-2.581235,0.7291,0.7291
5.537591,-2.54061,0.7592,0.7592
5.507775,-2.501385,0.7495,0.7495
5.476013,-2.463664,0.7398,0.7398
5.443379,-2.427547,0.7398,0.7398
5.409098,-2.393127,0.7398,0.7398
5.373262,-2.360491,0.7398,0.7398
5.335965,-2.329722,0.7097,0.7097
5.298284,-2.300895,0.7495,0.7495
5.259445,-2.274081,0.7592,0.7592
5.219543,-2.249345,0.7291,0.7291
5.178676,-2.226747,0.7091,0.7091
5.13781,-2.206339,0.7591,0.7591
5.097042,-2.188171,0.7492,0.7492
5.055605,-2.172284,0.7894,0.7894
5.014471,-2.158715,0.7795,0.7795
4.972759,-2.147496,0.7697,0.7697
4.930574,-2.138651,0.7598,0.7598
4.88802,-2.1322,0.7598,0.7598
4.846073,-2.128158,0.75,0.75
4.803854,-2.126533,0.75,0.75
4.761472,-2.127328,0.75,0.75
4.719903,-2.13054,0.7598,0.7598
4.678273,-2.13616,0.7697,0.7697
4.637563,-2.144175,0.7697,0.7697
4.596901,-2.154564,0.7795,0.7795
4.557385,-2.167302,0.7894,0.7894
4.51913,-2.182359,0.7492,0.7492
4.48127,-2.199697,0.7591,0.7591
4.444794,-2.219274,0.7591,0.7591
4.40884,-2.241042,0.7291,0.7291
4.373528,-2.264947,0.7592,0.7592
4.33985,-2.290931,0.7194,0.7194
4.307816,-2.318928,0.7495,0.7495
4.275584,-2.348867,0.7398,0.7398
4.245019,-2.380672,0.7,0.7
4.215263,-2.414262,0.7398,0.7398
4.187313,-2.449549,0.7,0.7
4.160201,-2.486439,0.7,0.7
4.133941,-2.524834,0.65,0.65
4.109535,-2.564629,0.65,0.65
4.085145,-2.605714,0.6098,0.6098
4.062642,-2.647974,0.6197,0.6197
4.042044,-2.691286,0.6295,0.6295
4.022388,-2.735525,0.5894,0.5894
4.004566,-2.780556,0.5992,0.5992
3.986746,-2.826242,0.6192,0.6192
3.969819,-2.872438,0.5697,0.5697
3.953694,-2.918996,0.5795,0.5795
3.938276,-2.966744,0.5894,0.5894
3.923472,-3.015638,0.5492,0.5492
3.909189,-3.065631,0.5697,0.5697
3.895334,-3.116676,0.5795,0.5795
3.881814,-3.167733,0.5394,0.5394
3.868535,-3.219617,0.5492,0.5492
3.855405,-3.273135,0.5794,0.5794
3.84233,-3.327244,0.5992,0.5992
3.829216,-3.382749,0.5794,0.5794
3.815971,-3.437619,0.5992,0.5992
3.802502,-3.493523,0.6192,0.6192
3.788715,-3.549409,0.6394,0.6394
3.774517,-3.606074,0.5992,0.5992
3.759815,-3.662462,0.6192,0.6192
3.744515,-3.719368,0.6394,0.6394
3.728525,-3.776604,0.6192,0.6192
3.711752,-3.833109,0.6492,0.6492
3.694101,-3.888692,0.6591,0.6591
3.67548,-3.944027,0.6492,0.6492
3.655796,-3.998921,0.6591,0.6591
3.634956,-4.052307,0.6394,0.6394
3.612865,-4.104974,0.6492,0.6492
3.589432,-4.156722,0.6591,0.6591
3.564563,-4.20834,0.6494,0.6494
3.538164,-4.258875,0.6795,0.6795
3.510143,-4.309233,0.6591,0.6591
3.480406,-4.359336,0.6492,0.6492
3.449844,-4.409109,0.6591,0.6591
3.417498,-4.458479,0.6494,0.6494
3.384261,-4.507378,0.6397,0.6397
3.35016,-4.55487,0.6591,0.6591
3.315225,-4.601871,0.6494,0.6494
3.279488,-4.648319,0.6397,0.6397
3.242984,-4.694154,0.6591,0.6591
3.204768,-4.739316,0.6494,0.6494
3.165747,-4.783751,0.6397,0.6397
3.125962,-4.827408,0.63,0.63
3.085457,-4.870235,0.5998,0.5998
3.04428,-4.912188,0.63,0.63
3.002478,-4.953221,0.6192,0.6192
2.960104,-4.993294,0.6095,0.6095
2.917214,-5.03324,0.5998,0.5998
2.873866,-5.07291,0.56,0.56
2.830119,-5.112165,0.56,0.56
2.785054,-5.150868,0.5697,0.5697
2.739603,-5.188019,0.6095,0.6095
2.693833,-5.223607,0.5794,0.5794
2.64683,-5.25849,0.5992,0.5992
2.599531,-5.29255,0.6192,0.6192
2.552009,-5.325674,0.6492,0.6492
2.50434,-5.356886,0.6192,0.6192
2.455616,-5.386194,0.6492,0.6492
2.406784,-5.414482,0.6192,0.6192
2.357927,-5.441653,0.6492,0.6492
2.308141,-5.467618,0.6394,0.6394
2.258381,-5.491421,0.6795,0.6795
2.207748,-5.513965,0.6591,0.6591
2.157199,-5.535173,0.6992,0.6992
2.106823,-5.554106,0.6894,0.6894
2.055726,-5.571679,0.6795,0.6795
2.004871,-5.586961,0.7197,0.7197
1.953368,-5.600876,0.7098,0.7098
1.902182,-5.613371,0.7,0.7
1.851409,-5.624399,0.7,0.7
1.800167,-5.633916,0.75,0.75
1.74844,-5.641885,0.75,0.75
1.697199,-5.647407,0.7598,0.7598
1.645562,-5.651436,0.7697,0.7697
1.594504,-5.653951,0.7795,0.7795
1.543144,-5.654064,0.7894,0.7894
1.491476,-5.652745,0.7992,0.7992
1.440474,-5.649987,0.8,0.8
1.389263,-5.645786,0.8098,0.8098
1.338823,-5.639276,0.8197,0.8197
1.288279,-5.631445,0.8295,0.8295
1.237629,-5.621436,0.8189,0.8189
1.18687,-5.610247,0.8389,0.8389
1.136,-5.597028,0.8788,0.8788
1.086,-5.582785,0.9,0.9
1.036,-5.566677,0.8689,0.8689
0.986,-5.54885,0.8788,0.8788
0.936,-5.530321,0.9089,0.9089
0.886,-5.511131,0.8689,0.8689
0.836,-5.490454,0.8788,0.8788
0.786,-5.468452,0.8591,0.8591
0.736,-5.445292,0.8689,0.8689
0.686,-5.42114,0.8389,0.8389
0.636,-5.395184,0.8591,0.8591
0.586,-5.369335,0.8189,0.8189
0.536,-5.341799,0.8389,0.8389
0.486,-5.313624,0.8189,0.8189
0.436,-5.284004,0.8098,0.8098
0.386,-5.253989,0.8098,0.8098
0.336,-5.223647,0.8098,0.8098
0.286,-5.193048,0.77,0.77
0.236,-5.161396,0.77,0.77
0.186,-5.128763,0.7398,0.7398
0.136,-5.096209,0.7398,0.7398
0.086,-5.063809,0.7398,0.7398
0.036,-5.030657,0.7097,0.7097
-0.014,-4.996834,0.7194,0.7194
-0.064,-4.963401,0.7291,0.7291
-0.114,-4.929572,0.7,0.7
-0.164,-4.895429,0.7,0.7
-0.214,-4.861052,0.7,0.7
-0.264,-4.827508,0.6698,0.6698
-0.314,-4.794013,0.6795,0.6795
-0.364,-4.75978,0.6892,0.6892
-0.414,-4.725876,0.6591,0.6591
-0.464,-4.692383,0.6892,0.6892
-0.514,-4.659383,0.7091,0.7091
-0.564,-4.627942,0.6795,0.6795
-0.614,-4.596405,0.6892,0.6892
-0.664,-4.565838,0.7091,0.7091
-0.714,-4.536323,0.6892,0.6892
-0.764,-4.507942,0.7091,0.7091
-0.814,-4.479907,0.6892,0.6892
-0.864,-4.453281,0.7091,0.7091
-0.914,-4.428143,0.6992,0.6992
-0.964,-4.403703,0.7291,0.7291
-1.014,-4.38102,0.7091,0.7091
-1.064,-4.360172,0.7291,0.7291
-1.114,-4.33938,0.7091,0.7091
-1.164,-4.319585,0.7492,0.7492
-1.214,-4.30074,0.7394,0.7394
-1.264,-4.281925,0.7291,0.7291
-1.314,-4.265055,0.7591,0.7591
-1.364,-4.250188,0.7492,0.7492
-1.414,-4.23553,0.7394,0.7394
-1.464,-4.222004,0.7795,0.7795
-1.514,-4.209547,0.7697,0.7697
-1.564,-4.198207,0.7598,0.7598
-1.614,-4.189013,0.75,0.75
-1.664,-4.181026,0.75,0.75
-1.714,-4.174174,0.8,0.8
-1.764,-4.168382,0.8,0.8
-1.814,-4.163688,0.8,0.8
-1.864,-4.160124,0.8,0.8
-1.914,-4.157607,0.8,0.8
-1.964,-4.157037,0.8,0.8
-2.014,-4.157456,0.8,0.8
-2.064,-4.15976,0.8,0.8
-2.114,-4.16299,0.8,0.8
-2.164,-4.167055,0.8,0.8
-2.214,-4.170989,0.8,0.8
-2.264,-4.175677,0.7598,0.7598
-2.314,-4.181016,0.7697,0.7697
-2.364,-4.187884,0.7795,0.7795
-2.414,-4.195305,0.7894,0.7894
-2.464,-4.202301,0.7992,0.7992
-2.514,-4.210725,0.8091,0.8091
-2.564,-4.219595,0.8189,0.8189
-2.614,-4.227921,0.7894,0.7894
-2.664,-4.235696,0.7992,0.7992
-2.714,-4.244761,0.8091,0.8091
-2.764,-4.254116,0.8189,0.8189
-2.814,-4.264614,0.8389,0.8389
-2.864,-4.275256,0.8091,0.8091
-2.914,-4.28776,0.8189,0.8189
-2.964,-4.300141,0.8389,0.8389
-3.014,-4.313249,0.8389,0.8389
-3.064,-4.327064,0.8189,0.8189
-3.114,-4.340583,0.8389,0.8389
-3.164,-4.354538,0.8189,0.8189
-3.214,-4.368793,0.7991,0.7991
-3.264,-4.383324,0.8189,0.8189
-3.314,-4.398109,0.8091,0.8091
-3.364,-4.413126,0.7991,0.7991
-3.414,-4.429223,0.8189,0.8189
-3.464,-4.444409,0.7991,0.7991
-3.514,-4.459533,0.7689,0.7689
-3.564,-4.474573,0.7591,0.7591
-3.614,-4.490375,0.6992,0.6992
-3.664,-4.505936,0.6894,0.6894
-3.714,-4.521122,0.6795,0.6795
-3.764,-4.535797,0.6197,0.6197
-3.814,-4.550814,0.6098,0.6098
-3.864,-4.565169,0.6,0.6
-3.914,-4.579716,0.55,0.55
-3.964,-4.592473,0.5598,0.5598
-4.014,-4.605163,0.5697,0.5697
-4.064,-4.616786,0.5795,0.5795
-4.114,-4.628199,0.5394,0.5394
-4.164,-4.639276,0.5492,0.5492
-4.214,-4.649895,0.5794,0.5794
-4.264,-4.659064,0.6095,0.6095
-4.314,-4.66765,0.6397,0.6397
-4.364,-4.675533,0.63,0.63
-4.414,-4.683586,0.6698,0.6698
-4.464,-4.689958,0.6894,0.6894
-4.514,-4.695525,0.6795,0.6795
-4.564,-4.700182,0.6591,0.6591
-4.614,-4.703826,0.6492,0.6492
-4.664,-4.706469,0.6394,0.6394
-4.714,-4.708131,0.6295,0.6295
-4.764,-4.708715,0.6197,0.6197
-4.814,-4.70813,0.6098,0.6098
-4.86487,-4.707271,0.6,0.6
-4.915629,-4.705186,0.6,0.6
-4.966279,-4.701794,0.6,0.6
-5.016823,-4.697131,0.6,0.6
-5.067263,-4.691237,0.6,0.6
-5.118474,-4.684039,0.6,0.6
-5.169476,-4.676454,0.6,0.6
-5.220274,-4.667548,0.55,0.55
-5.270875,-4.657259,0.5598,0.5598
-5.321284,-4.646515,0.5697,0.5697
-5.371506,-4.634393,0.5795,0.5795
-5.421547,-4.620843,0.5394,0.5394
-5.472284,-4.606804,0.5492,0.5492
-5.52274,-4.591364,0.5794,0.5794
-5.572923,-4.574486,0.5492,0.5492
-5.622842,-4.557119,0.5794,0.5794
-5.672505,-4.538362,0.5794,0.5794
-5.721921,-4.518189,0.5794,0.5794
-5.771099,-4.496576,0.5697,0.5697
-5.820046,-4.473501,0.5794,0.5794
-5.869642,-4.449932,0.5492,0.5492
-5.918913,-4.424985,0.5794,0.5794
-5.967871,-4.39865,0.5492,0.5492
-6.016526,-4.37092,0.5697,0.5697
-6.06489,-4.34179,0.5395,0.5395
-6.113846,-4.311261,0.5794,0.5794
-6.162421,-4.279332,0.5492,0.5492
-6.21063,-4.246008,0.5794,0.5794
-6.258488,-4.212281,0.5992,0.5992
-6.306878,-4.177293,0.5697,0.5697
-6.355704,-4.14106,0.5794,0.5794
-6.40487,-4.1036,0.5992,0.5992
-6.453415,-4.064935,0.6095,0.6095
-6.501362,-4.026072,0.5794,0.5794
-6.549602,-3.986172,0.5992,0.5992
-6.597177,-3.945267,0.5998,0.5998
-6.644982,-3.904376,0.6095,0.6095
-6.692932,-3.863655,0.6192,0.6192
-6.740073,-3.822281,0.6397,0.6397
-6.787306,-3.780303,0.6095,0.6095
-6.83368,-3.737773,0.6192,0.6192
-6.8801,-3.694746,0.63,0.63
-6.926487,-3.650295,0.6397,0.6397
-6.972768,-3.60535,0.6494,0.6494
-7.017999,-3.559969,0.6591,0.6591
-7.063094,-3.514218,0.7091,0.7091
-7.107982,-3.468161,0.7194,0.7194
-7.152599,-3.420885,0.7291,0.7291
-7.196009,-3.373328,0.7495,0.7495
-7.239135,-3.325562,0.7194,0.7194
-7.281915,-3.277663,0.7291,0.7291
-7.324291,-3.229707,0.7398,0.7398
-7.366209,-3.180791,0.7398,0.7398
-7.406745,-3.131865,0.77,0.77
-7.446833,-3.083013,0.7797,0.7797
-7.486422,-3.034321,0.7894,0.7894
-7.525467,-2.984893,0.7991,0.7991
-7.563923,-2.935689,0.8389,0.8389
-7.60175,-2.885815,0.8689,0.8689
-7.638909,-2.836234,0.8788,0.8788
-7.675365,-2.786055,0.8992,0.8992
-7.711086,-2.736244,0.9288,0.9288
-7.745171,-2.685914,0.9488,0.9488
-7.778576,-2.636031,0.9595,0.9595
-7.811274,-2.585712,0.9488,0.9488
-7.843241,-2.535927,0.9788,0.9788
-7.874455,-2.485794,0.9886,0.9886
-7.904899,-2.435303,0.9788,0.9788
-7.934556,-2.384442,0.9886,0.9886
-7.964285,-2.334184,1.0188,1.0188
-7.993963,-2.283651,0.9886,0.9886
-8.023475,-2.232834,1.0188,1.0188
-8.052711,-2.181725,0.9886,0.9886
-8.081566,-2.131299,1.0288,1.0288
-8.109942,-2.080681,1.0188,1.0188
-8.137745,-2.028996,1.0386,1.0386
-8.164887,-1.977218,1.0586,1.0586
-8.191288,-1.925455,1.0689,1.0689
-8.21687,-1.873812,1.0984,1.0984
-8.241563,-1.82141,1.0886,1.0886
-8.265301,-1.768353,1.1189,1.1189
-8.287042,-1.715611,1.0984,1.0984
-8.307599,-1.662299,1.0886,1.0886
-8.326921,-1.608515,1.1286,1.1286
-8.344962,-1.555339,1.0984,1.0984
-8.361684,-1.501994,1.0886,1.0886
-8.376068,-1.448573,1.1091,1.1091
-8.388952,-1.396034,1.1189,1.1189
-8.400312,-1.343483,1.1091,1.1091
-8.410128,-1.291004,1.0992,1.0992
-8.418385,-1.238682,1.0984,1.0984
-8.425075,-1.186597,1.1189,1.1189
-8.430196,-1.134826,1.1197,1.1197
-8.432765,-1.083445,1.1098,1.1098
-8.433659,-1.032526,1.1,1.1
-8.432888,-0.982137,1.1,1.1
-8.43047,-0.932345,1.1,1.1
-8.426427,-0.883214,1.1098,1.1098
-8.420787,-0.834804,1.1197,1.1197
-8.413585,-0.787173,1.0795,1.0795
-8.40486,-0.740377,1.0894,1.0894
-8.393673,-0.694467,1.0992,1.0992
-8.380941,-0.649493,1.1091,1.1091
-8.366718,-0.605501,1.1189,1.1189
-8.351064,-0.562536,1.0788,1.0788
-8.334044,-0.520638,1.0886,1.0886
-8.314743,-0.479846,1.0886,1.0886
-8.294106,-0.440194,1.0586,1.0586
-8.272211,-0.401716,1.0788,1.0788
-8.249143,-0.36444,1.0386,1.0386
-8.224009,-0.328394,1.0386,1.0386
-8.196785,-0.293602,1.0188,1.0188
-8.167456,-0.260084,1.0489,1.0489
-8.136988,-0.22786,1.0091,1.0091
-8.105488,-0.196944,0.9994,0.9994
-8.07208,-0.16735,0.9697,0.9697
-8.037748,-0.139088,0.9795,0.9795
-8.001625,-0.112163,0.9394,0.9394
-7.96372,-0.086582,0.9492,0.9492
-7.925025,-0.062344,0.8992,0.8992
-7.884687,-0.039449,0.9,0.9
-7.843708,-0.017893,0.85,0.85
-7.801243,0.002333,0.85,0.85
-7.757318,0.021236,0.85,0.85
-7.711963,0.038831,0.8098,0.8098
-7.666194,0.055133,0.8098,0.8098
-7.619181,0.07016,0.8197,0.8197
-7.570963,0.083933,0.7795,0.7795
-7.521584,0.096477,0.7894,0.7894
-7.472077,0.107818,0.7992,0.7992
-7.421622,0.117985,0.7991,0.7991
-7.370275,0.127012,0.75,0.75
-7.318093,0.134933,0.75,0.75
-7.265138,0.140917,0.75,0.75
-7.212458,0.146857,0.75,0.75
-7.159251,0.152681,0.75,0.75
-7.105589,0.158325,0.75,0.75
-7.051549,0.162859,0.75,0.75
-6.997206,0.166342,0.75,0.75
-6.942641,0.168833,0.75,0.75
-6.887939,0.170397,0.75,0.75
-6.833185,0.1711,0.75,0.75
-6.778467,0.171011,0.75,0.75
-6.724863,0.170202,0.75,0.75
-6.6716,0.168749,0.75,0.75
-6.618777,0.166727,0.75,0.75
-6.566499,0.164219,0.75,0.75
-6.51487,0.161307,0.75,0.75
-6.464,0.158078,0.75,0.75
-6.414,0.15462,0.75,0.75
-6.364,0.151026,0.75,0.75
-6.314,0.147389,0.75,0.75
-6.264,0.143808,0.75,0.75
-6.214,0.140383,0.75,0.75
-6.164,0.137216,0.75,0.75
-6.114,0.134414,0.75,0.75
-6.064,0.1311,0.75,0.75
-6.014,0.128255,0.75,0.75
-5.964,0.125004,0.75,0.75
-5.914,0.122329,0.7,0.7
-5.864,0.119361,0.7,0.7
-5.814,0.116099,0.7,0.7
-5.764,0.113528,0.7,0.7
-5.714,0.11078,0.7,0.7
-5.664,0.107859,0.7,0.7
-5.614,0.103896,0.7,0.7
-5.564,0.099877,0.7,0.7
-5.514,0.094932,0.7,0.7
-5.464,0.090156,0.7,0.7
-5.414,0.08479,0.7,0.7
-5.364,0.079815,0.7,0.7
-5.314,0.075224,0.7,0.7
-5.264,0.071011,0.65,0.65
-5.214,0.067171,0.65,0.65
-5.164,0.063698,0.65,0.65
-5.114,0.060586,0.65,0.65
-5.064,0.057831,0.65,0.65
-5.014,0.055425,0.65,0.65
-4.964,0.053364,0.65,0.65
-4.914,0.051642,0.65,0.65
-4.864,0.050254,0.65,0.65
-4.814,0.049193,0.65,0.65
-4.764,0.048454,0.65,0.65
-4.714,0.048031,0.65,0.65
-4.664,0.047919,0.65,0.65
-4.614,0.048112,0.6492,0.6492
-4.564,0.048604,0.6394,0.6394
-4.514,0.04939,0.6295,0.6295
-4.464,0.049594,0.6197,0.6197
-4.414,0.050192,0.6098,0.6098
-4.364,0.051175,0.6,0.6
-4.314,0.052535,0.6,0.6
-4.264,0.054264,0.6,0.6
-4.214,0.056354,0.6,0.6
-4.164,0.058794,0.6098,0.6098
-4.114,0.061578,0.6197,0.6197
-4.064,0.064697,0.6295,0.6295
-4.014,0.068141,0.6394,0.6394
-3.964,0.071904,0.6492,0.6492
-3.914,0.075975,0.6192,0.6192
-3.864,0.080348,0.6494,0.6494
-3.814,0.085013,0.6795,0.6795
-3.764,0.089961,0.7,0.7
-3.714,0.095185,0.7,0.7
-3.664,0.100676,0.7,0.7
-3.614,0.106426,0.7,0.7
-3.564,0.112425,0.7,0.7
-3.514,0.118666,0.7,0.7
-3.464,0.125139,0.75,0.75
-3.414,0.131837,0.75,0.75
-3.364,0.138752,0.75,0.75
-3.314,0.145874,0.75,0.75
-3.264,0.153195,0.75,0.75
-3.214,0.160706,0.75,0.75
-3.164,0.169385,0.75,0.75
-3.114,0.177369,0.8,0.8
-3.064,0.184537,0.8,0.8
-3.014,0.190763,0.8,0.8
-2.964,0.196903,0.8,0.8
-2.914,0.202943,0.8,0.8
-2.864,0.208868,0.8,0.8
-2.814,0.214665,0.8,0.8
-2.764,0.220319,0.8,0.8
-2.714,0.225816,0.85,0.85
-2.664,0.231143,0.85,0.85
-2.614,0.236285,0.85,0.85
-2.564,0.241227,0.85,0.85
-2.514,0.245956,0.85,0.85
-2.464,0.250458,0.85,0.85
-2.414,0.254718,0.85,0.85
-2.364,0.258723,0.85,0.85
-2.314,0.262458,0.85,0.85
-2.264,0.265909,0.85,0.85
-2.214,0.269063,0.85,0.85
-2.164,0.271904,0.85,0.85
-2.114,0.274419,0.85,0.85
-2.064,0.276593,0.8295,0.8295
-2.014,0.278414,0.8394,0.8394
-1.964,0.279865,0.8492,0.8492
-1.914,0.280934,0.85,0.85
-1.864,0.281606,0.85,0.85
-1.814,0.282738,0.85,0.85
-1.764,0.284203,0.8492,0.8492
-1.714,0.285878,0.8394,0.8394
-1.664,0.287645,0.8295,0.8295
-1.614,0.289384,0.8197,0.8197
-1.564,0.291098,0.8098,0.8098
-1.514,0.291917,0.8,0.8
-1.464,0.2937,0.8,0.8
-1.414,0.295585,0.8,0.8
-1.364,0.296827,0.8,0.8
-1.314,0.297553,0.8,0.8
-1.264,0.297773,0.8,0.8
-1.214,0.297498,0.8,0.8
-1.164,0.296741,0.8,0.8
-1.114,0.295512,0.8,0.8
-1.064,0.293823,0.8,0.8
-1.014,0.291685,0.8,0.8
-0.964,0.289109,0.8,0.8
-0.914,0.286107,0.8,0.8
-0.864,0.282689,0.8,0.8
-0.814,0.278868,0.8,0.8
-0.764,0.274653,0.8,0.8
-0.714,0.270058,0.8,0.8
-0.664,0.265093,0.8,0.8
-0.614,0.259769,0.8,0.8
-0.564,0.254098,0.8,0.8
-0.514,0.24809,0.8,0.8
-0.464,0.241758,0.8,0.8
-0.414,0.236097,0.8,0.8
-0.364,0.230251,0.8098,0.8098
-0.314,0.224234,0.7697,0.7697
-0.264,0.21806,0.7795,0.7795
-0.214,0.210873,0.7894,0.7894
-0.164,0.20367,0.7992,0.7992
-0.114,0.19559,0.8,0.8
-0.064,0.186758,0.8,0.8
-0.014,0.177293,0.8,0.8
0.036,0.167312,0.75,0.75
0.086,0.1578,0.75,0.75
0.136,0.148757,0.75,0.75
0.186,0.140183,0.75,0.75
0.236,0.132077,0.75,0.75
0.286,0.12444,0.7,0.7
0.336,0.117272,0.7,0.7
0.386,0.110573,0.7,0.7
0.436,0.104343,0.7,0.7
0.486,0.098582,0.7,0.7
0.536,0.093289,0.7,0.7
0.586,0.087595,0.7,0.7
0.636,0.082481,0.7,0.7
0.686,0.077945,0.6698,0.6698
0.736,0.073984,0.65,0.65
0.786,0.070595,0.6494,0.6494
0.836,0.067774,0.6192,0.6192
0.886,0.06552,0.5992,0.5992
0.936,0.06383,0.5894,0.5894
0.986,0.0627,0.5795,0.5795
1.036,0.062128,0.5697,0.5697
1.086,0.06211,0.5598,0.5598
1.136,0.062645,0.55,0.55
1.186,0.06373,0.55,0.55
1.236,0.06536,0.5598,0.5598
1.286,0.067535,0.5697,0.5697
1.336,0.07025,0.5795,0.5795
1.386,0.073503,0.5894,0.5894
1.436,0.077292,0.5492,0.5492
1.486,0.081612,0.5794,0.5794
1.536,0.086463,0.6095,0.6095
1.586,0.09184,0.6397,0.6397
1.636,0.097741,0.65,0.65
1.686,0.104163,0.65,0.65
1.736,0.111103,0.65,0.65
1.786,0.118559,0.65,0.65
1.836,0.126527,0.7,0.7
1.886,0.135005,0.7,0.7
1.936,0.14399,0.7,0.7
1.986,0.153479,0.7,0.7
2.036,0.16347,0.7,0.7
2.086,0.173959,0.7,0.7
2.136,0.184943,0.75,0.75
2.186,0.196421,0.75,0.75
2.236,0.207404,0.75,0.75
2.286,0.217772,0.75,0.75
2.336,0.227403,0.8,0.8
2.386,0.236171,0.8,0.8
2.436,0.243947,0.8,0.8
2.486,0.251585,0.8,0.8
2.536,0.258197,0.8,0.8
2.586,0.263764,0.8,0.8
2.636,0.269134,0.8,0.8
2.686,0.275267,0.85,0.85
2.736,0.281275,0.85,0.85
2.786,0.286268,0.85,0.85
2.836,0.291207,0.85,0.85
2.886,0.296069,0.85,0.85
2.936,0.299963,0.85,0.85
2.986,0.303846,0.85,0.85
3.036,0.307694,0.85,0.85
3.086,0.311482,0.85,0.85
3.136,0.315184,0.8492,0.8492
3.186,0.318773,0.8394,0.8394
3.236,0.321356,0.8295,0.8295
3.286,0.323888,0.8197,0.8197
3.336,0.326341,0.8,0.8
3.386,0.328686,0.8,0.8
3.436,0.330026,0.8,0.8
3.486,0.331314,0.8,0.8
3.536,0.332518,0.8,0.8
3.586,0.333608,0.8,0.8
3.636,0.333682,0.8,0.8
3.686,0.333692,0.8,0.8
3.736,0.333602,0.8,0.8
3.786,0.33251,0.8,0.8
3.836,0.332347,0.8098,0.8098
3.886,0.332209,0.8197,0.8197
3.936,0.332178,0.8295,0.8295
3.986,0.333317,0.8394,0.8394
4.036,0.33484,0.8492,0.8492
4.086,0.336945,0.85,0.85
4.136,0.338846,0.85,0.85
4.186,0.340621,0.85,0.85
4.23687,0.34235,0.85,0.85
4.288499,0.344107,0.85,0.85
4.340777,0.345963,0.85,0.85
4.39273,0.347989,0.85,0.85
4.445235,0.35025,0.85,0.85
4.498189,0.352811,0.85,0.85
4.551492,0.355731,0.8492,0.8492
4.605047,0.359069,0.8394,0.8394
4.658759,0.363864,0.8295,0.8295
4.711666,0.369302,0.8197,0.8197
4.764661,0.375434,0.85,0.85
4.817654,0.38231,0.85,0.85
4.870561,0.389976,0.85,0.85
4.923297,0.398477,0.85,0.85
4.975781,0.407853,0.85,0.85
5.027937,0.418142,0.85,0.85
5.07882,0.42938,0.8,0.8
5.129338,0.441599,0.8,0.8
5.17942,0.454829,0.8,0.8
5.228997,0.469096,0.8,0.8
5.278002,0.484425,0.75,0.75
5.326372,0.500837,0.75,0.75
5.373177,0.51835,0.75,0.75
5.419338,0.53698,0.7,0.7
5.46567,0.556739,0.7,0.7
5.511135,0.577638,0.65,0.65
5.556555,0.599683,0.65,0.65
5.601769,0.622878,0.65,0.65
5.646628,0.647226,0.6,0.6
5.690982,0.672724,0.6098,0.6098
5.734692,0.700238,0.5598,0.5598
5.777622,0.729651,0.5197,0.5197
5.819641,0.760842,0.5295,0.5295
5.860626,0.793695,0.4894,0.4894
5.900457,0.828089,0.4695,0.4695
5.939023,0.863907,0.4997,0.4997
5.976215,0.90103,0.4598,0.4598
6.011932,0.939338,0.4598,0.4598
6.046078,0.978715,0.4598,0.4598
6.078562,1.01904,0.4598,0.4598
6.1093,1.060196,0.4598,0.4598
6.138213,1.102063,0.4695,0.4695
6.165227,1.144523,0.4394,0.4394
6.190275,1.187458,0.4795,0.4795
6.213294,1.230749,0.4697,0.4697
6.234228,1.274277,0.4697,0.4697
6.253025,1.317924,0.5098,0.5098
6.269642,1.362555,0.5,0.5
6.284038,1.407184,0.5,0.5
6.296179,1.451697,0.55,0.55
6.306038,1.495976,0.55,0.55
6.313591,1.539907,0.5598,0.5598
6.318822,1.584358,0.5697,0.5697
6.321719,1.628345,0.5795,0.5795
6.322277,1.671757,0.5795,0.5795
6.320495,1.715463,0.5894,0.5894
6.31638,1.758485,0.5992,0.5992
6.309942,1.800712,0.6192,0.6192
6.301199,1.842904,0.6494,0.6494
6.290174,1.883969,0.6795,0.6795
6.276893,1.9238,0.6397,0.6397
6.261392,1.963273,0.6698,0.6698
6.24371,2.001416,0.7,0.7
6.223892,2.038122,0.7097,0.7097
6.201988,2.073287,0.7097,0.7097
6.178056,2.107792,0.7194,0.7194
6.152158,2.140664,0.7592,0.7592
6.12436,2.171803,0.7291,0.7291
6.094738,2.201105,0.7689,0.7689
6.063369,2.229455,0.7991,0.7991
6.030339,2.255883,0.7689,0.7689
5.995737,2.28029,0.8189,0.8189
5.959661,2.303562,0.8091,0.8091
5.922211,2.324733,0.7992,0.7992
5.883495,2.343706,0.8394,0.8394
5.843626,2.361371,0.8394,0.8394
5.802722,2.376763,0.8795,0.8795
5.760908,2.390775,0.8697,0.8697
5.718314,2.40343,0.8598,0.8598
5.675075,2.414756,0.85,0.85
5.631332,2.424781,0.85,0.85
5.586248,2.433538,0.8598,0.8598
5.539858,2.441062,0.85,0.85
5.492201,2.447393,0.85,0.85
5.444301,2.452569,0.85,0.85
5.395335,2.456637,0.85,0.85
5.345353,2.459641,0.85,0.85
5.294407,2.461631,0.85,0.85
5.242551,2.46266,0.85,0.85
5.189844,2.462783,0.85,0.85
5.137332,2.462058,0.85,0.85
5.084209,2.461415,0.85,0.85
5.030546,2.459936,0.85,0.85
4.976415,2.457691,0.85,0.85
4.921889,2.454751,0.85,0.85
4.867048,2.451191,0.85,0.85
4.811971,2.44709,0.85,0.85
4.757727,2.442527,0.85,0.85
4.703533,2.437586,0.85,0.85
4.649483,2.432353,0.85,0.85
4.59567,2.426917,0.85,0.85
4.542192,2.42137,0.9,0.9
4.489149,2.415806,0.9,0.9
4.437629,2.410322,0.9,0.9
4.38687,2.40502,0.9,0.9
4.336,2.400002,0.9,0.9
4.286,2.395374,0.9,0.9
4.236,2.391245,0.9,0.9
4.186,2.387726,0.8992,0.8992
4.136,2.384931,0.8894,0.8894
4.086,2.382979,0.8795,0.8795
4.036,2.380134,0.8697,0.8697
3.986,2.377383,0.8598,0.8598
3.936,2.37386,0.85,0.85
3.886,2.369679,0.8598,0.8598
3.836,2.36582,0.8697,0.8697
3.786,2.361413,0.8795,0.8795
3.736,2.357434,0.8894,0.8894
3.686,2.353879,0.8992,0.8992
3.636,2.350742,0.9,0.9
3.586,2.348018,0.9,0.9
3.536,2.3457,0.9,0.9
3.486,2.343783,0.9,0.9
3.436,2.342262,0.9,0.9
3.386,2.34113,0.9,0.9
3.336,2.340382,0.9,0.9
3.286,2.340013,0.9,0.9
3.236,2.340017,0.9,0.9
3.186,2.340388,0.9,0.9
3.136,2.34112,0.9,0.9
3.086,2.342208,0.9,0.9
3.036,2.343647,0.9,0.9
2.986,2.34543,0.9,0.9
2.936,2.347552,0.9,0.9
2.886,2.350007,0.9,0.9
2.836,2.352789,0.9,0.9
2.786,2.355894,0.9,0.9
2.736,2.359315,0.9,0.9
2.686,2.363047,0.9,0.9
2.636,2.366099,0.9,0.9
2.586,2.369333,0.9,0.9
2.536,2.372741,0.9,0.9
2.486,2.376314,0.85,0.85
2.436,2.380044,0.85,0.85
2.386,2.384793,0.85,0.85
2.336,2.389569,0.85,0.85
2.286,2.395239,0.85,0.85
2.236,2.401684,0.85,0.85
2.186,2.40792,0.85,0.85
2.136,2.414817,0.85,0.85
2.086,2.422263,0.85,0.85
2.036,2.429281,0.8,0.8
1.986,2.435874,0.8,0.8
1.936,2.44205,0.8,0.8
1.886,2.447814,0.7992,0.7992
1.836,2.45317,0.7894,0.7894
1.786,2.458126,0.7795,0.7795
1.736,2.462686,0.7697,0.7697
1.686,2.466857,0.7398,0.7398
1.636,2.470643,0.7097,0.7097
1.586,2.474051,0.6795,0.6795
1.536,2.477087,0.6892,0.6892
1.486,2.479755,0.6591,0.6591
1.436,2.482061,0.6492,0.6492
1.386,2.484012,0.6394,0.6394
1.336,2.485612,0.6295,0.6295
1.286,2.486868,0.6197,0.6197
1.236,2.487785,0.6098,0.6098
1.186,2.488369,0.6,0.6
1.136,2.488625,0.6,0.6
1.086,2.488559,0.6098,0.6098
1.036,2.488177,0.6197,0.6197
0.986,2.4865,0.6295,0.6295
0.936,2.4844,0.6394,0.6394
0.886,2.481882,0.6492,0.6492
0.836,2.478946,0.6591,0.6591
0.786,2.475597,0.6892,0.6892
0.736,2.471837,0.6795,0.6795
0.686,2.467668,0.7097,0.7097
0.636,2.463095,0.7398,0.7398
0.586,2.458119,0.75,0.75
0.536,2.452743,0.75,0.75
0.486,2.446971,0.75,0.75
0.436,2.441674,0.75,0.75
0.386,2.435875,0.75,0.75
0.336,2.429579,0.75,0.75
0.286,2.422792,0.8,0.8
0.236,2.415518,0.8,0.8
0.186,2.407765,0.8,0.8
0.136,2.399537,0.8,0.8
0.086,2.390841,0.8,0.8
0.036,2.381681,0.8,0.8
-0.014,2.373048,0.85,0.85
-0.064,2.36408,0.85,0.85
-0.114,2.355771,0.85,0.85
-0.164,2.348246,0.85,0.85
-0.214,2.340649,0.85,0.85
-0.264,2.333978,0.85,0.85
-0.314,2.327381,0.85,0.85
-0.364,2.320874,0.9,0.9
-0.414,2.314475,0.9,0.9
-0.464,2.3082,0.9,0.9
-0.514,2.302066,0.9,0.9
-0.564,2.29609,0.9,0.9
-0.614,2.290289,0.9,0.9
-0.664,2.284681,0.9,0.9
-0.714,2.279281,0.8992,0.8992
-0.764,2.274107,0.85,0.85
-0.814,2.269176,0.85,0.85
-0.864,2.264505,0.85,0.85
-0.914,2.260111,0.85,0.85
-0.964,2.256011,0.85,0.85
-1.014,2.252221,0.85,0.85
-1.064,2.248759,0.85,0.85
-1.114,2.245641,0.85,0.85
-1.164,2.242885,0.85,0.85
-1.214,2.240507,0.85,0.85
-1.264,2.238525,0.85,0.85
-1.314,2.236955,0.85,0.85
-1.364,2.235814,0.85,0.85
-1.414,2.23512,0.85,0.85
-1.464,2.234018,0.85,0.85
-1.514,2.232638,0.85,0.85
-1.564,2.231105,0.85,0.85
-1.614,2.229543,0.85,0.85
-1.664,2.227956,0.85,0.85
-1.714,2.227218,0.85,0.85
-1.764,2.225476,0.85,0.85
-1.814,2.223599,0.8,0.8
-1.864,2.22245,0.8,0.8
-1.914,2.22104,0.8,0.8
-1.964,2.219246,0.8,0.8
-2.014,2.217926,0.8,0.8
-2.064,2.217069,0.8,0.8
-2.114,2.216664,0.8,0.8
-2.164,2.216699,0.8,0.8
-2.214,2.218034,0.8,0.8
-2.264,2.219676,0.8,0.8
-2.314,2.221615,0.8,0.8
-2.364,2.223844,0.8,0.8
-2.414,2.226354,0.85,0.85
-2.464,2.229136,0.85,0.85
-2.514,2.232183,0.85,0.85
-2.564,2.235485,0.85,0.85
-2.614,2.239034,0.85,0.85
-2.664,2.242822,0.85,0.85
-2.714,2.24684,0.85,0.85
-2.764,2.25108,0.85,0.85
-2.814,2.255533,0.85,0.85
-2.864,2.260191,0.85,0.85
-2.914,2.265045,0.85,0.85
-2.964,2.270086,0.85,0.85
-3.014,2.276178,0.8,0.8
-3.064,2.283198,0.8,0.8
-3.114,2.291031,0.8,0.8
-3.164,2.299562,0.8,0.8
-3.214,2.30868,0.8,0.8
-3.264,2.318274,0.8,0.8
-3.314,2.327371,0.75,0.75
-3.364,2.335977,0.75,0.75
-3.414,2.344102,0.75,0.75
-3.464,2.351753,0.75,0.75
-3.514,2.358941,0.75,0.75
-3.564,2.365672,0.75,0.75
-3.614,2.37097,0.75,0.75
-3.664,2.375713,0.7,0.7
-3.714,2.379905,0.7,0.7
-3.764,2.383551,0.7,0.7
-3.814,2.386658,0.7,0.7
-3.864,2.389232,0.6795,0.6795
-3.914,2.391277,0.6494,0.6494
-3.964,2.3928,0.6192,0.6192
-4.014,2.393806,0.5992,0.5992
-4.064,2.394301,0.5894,0.5894
-4.114,2.39429,0.5795,0.5795
-4.164,2.393779,0.5697,0.5697
-4.214,2.392775,0.5598,0.5598
-4.264,2.391281,0.55,0.55
-4.314,2.389305,0.55,0.55
-4.364,2.386851,0.5598,0.5598
-4.414,2.383926,0.5697,0.5697
-4.464,2.380534,0.5795,0.5795
-4.514,2.376683,0.5894,0.5894
-4.564,2.372376,0.5492,0.5492
-4.614,2.367621,0.5794,0.5794
-4.664,2.362422,0.6095,0.6095
-4.714,2.356785,0.6397,0.6397
-4.764,2.350717,0.6698,0.6698
-4.814,2.344221,0.7,0.7
-4.864,2.337305,0.7,0.7
-4.914,2.329974,0.7,0.7
-4.964,2.322234,0.75,0.75
-5.014,2.314089,0.75,0.75
-5.064,2.305546,0.75,0.75
-5.114,2.296611,0.75,0.75
-5.164,2.287289,0.75,0.75
-5.214,2.277585,0.75,0.75
-5.264,2.267506,0.7992,0.7992
-5.314,2.257057,0.7894,0.7894
-5.364,2.246244,0.7795,0.7795
-5.414,2.235072,0.7697,0.7697
-5.464,2.223546,0.8098,0.8098
-5.514,2.212658,0.8,0.8
-5.564,2.20253,0.8,0.8
-5.614,2.193288,0.8,0.8
-5.664,2.18506,0.8,0.8
-5.714,2.176993,0.8,0.8
-5.764,2.169104,0.85,0.85
-5.814,2.162394,0.85,0.85
-5.864,2.156013,0.85,0.85
-5.914,2.149981,0.85,0.85
-5.964,2.145188,0.85,0.85
-6.014,2.140671,0.85,0.85
-6.064,2.136454,0.85,0.85
-6.114,2.132559,0.85,0.85
-6.164,2.129008,0.85,0.85
-6.214,2.125825,0.85,0.85
-6.264,2.122046,0.85,0.85
-6.314,2.118563,0.85,0.85
-6.364,2.115395,0.85,0.85
-6.414,2.112561,0.85,0.85
-6.464,2.110082,0.85,0.85
-6.514,2.107977,0.85,0.85
-6.564,2.106267,0.85,0.85
-6.614,2.104969,0.85,0.85
-6.664,2.104106,0.85,0.85
-6.714,2.103695,0.85,0.85
-6.764,2.103758,0.85,0.85
-6.814,2.104314,0.85,0.85
-6.864,2.105382,0.85,0.85
-6.914,2.106982,0.85,0.85
-6.964,2.109135,0.85,0.85
-7.014,2.111859,0.85,0.85
-7.064,2.114191,0.85,0.85
-7.114,2.116032,0.85,0.85
-7.164,2.117283,0.85,0.85
-7.214,2.117841,0.85,0.85
-7.264,2.117598,0.85,0.85
-7.314,2.116448,0.85,0.85
-7.364,2.115262,0.85,0.85
-7.414,2.114043,0.85,0.85
-7.464,2.112795,0.85,0.85
-7.514,2.11152,0.85,0.85
-7.564,2.110222,0.85,0.85
-7.614,2.108902,0.85,0.85
-7.664,2.107563,0.85,0.85
-7.714,2.106209,0.85,0.85
-7.764,2.105713,0.85,0.85
-7.814,2.105095,0.85,0.85
-7.864,2.104361,0.85,0.85
-7.914,2.103517,0.85,0.85
-7.964,2.102569,0.8598,0.8598
-8.014,2.101522,0.8697,0.8697
-8.064,2.100381,0.8795,0.8795
-8.114,2.099153,0.8894,0.8894
-8.164,2.097843,0.8992,0.8992
-8.214,2.096457,0.9,0.9
-8.264,2.095,0.9,0.9
-8.314,2.093479,0.9,0.9
-8.364,2.091898,0.9,0.9
-8.414,2.090263,0.9,0.9
-8.464,2.08858,0.8992,0.8992
-8.514,2.086855,0.8894,0.8894
-8.564,2.085094,0.8795,0.8795
-8.614,2.083301,0.8697,0.8697
-8.664,2.081482,0.8598,0.8598
-8.714,2.080515,0.85,0.85
-8.764,2.080291,0.85,0.85
-8.81487,2.080709,0.85,0.85
-8.865629,2.081668,0.85,0.85
-8.917149,2.083071,0.85,0.85
-8.969321,2.084823,0.85,0.85
-9.022041,2.086832,0.8598,0.8598
-9.075204,2.08901,0.8697,0.8697
-9.128711,2.091269,0.8795,0.8795
-9.182463,2.093528,0.8894,0.8894
-9.236367,2.095705,0.8992,0.8992
-9.290331,2.097722,0.8894,0.8894
-9.344265,2.099506,0.8795,0.8795
-9.398083,2.100983,0.8697,0.8697
-9.451703,2.102085,0.8598,0.8598
-9.505044,2.102746,0.85,0.85
-9.558027,2.102901,0.85,0.85
-9.610579,2.10249,0.85,0.85
-9.662627,2.101455,0.85,0.85
-9.714102,2.099741,0.85,0.85
-9.764937,2.097296,0.85,0.85
-9.81507,2.094071,0.85,0.85
-9.864438,2.090018,0.85,0.85
-9.912986,2.085094,0.85,0.85
-9.960656,2.079258,0.85,0.85
-10.007398,2.072473,0.9,0.9
-10.053161,2.063717,0.9,0.9
-10.0979,2.053826,0.9,0.9
-10.141569,2.042768,0.9,0.9
-10.185,2.030512,0.9,0.9
-10.227171,2.017033,0.95,0.95
-10.26805,2.002305,0.95,0.95
-10.307607,1.986309,0.95,0.95
-10.345817,1.969024,0.9994,0.9994
-10.382654,1.950437,1.0,1.0
-10.418097,1.930534,1.0,1.0
-10.452129,1.909305,1.0198,1.0198
-10.484734,1.886743,1.05,1.05
-10.515898,1.862844,1.05,1.05
-10.546482,1.837607,1.05,1.05
-10.575498,1.811033,1.05,1.05
-10.602944,1.783126,1.05,1.05
-10.628822,1.753894,1.0597,1.0597
-10.653135,1.723345,1.0295,1.0295
-10.67589,1.691494,1.0694,1.0694
-10.697099,1.658355,1.0392,1.0392
-10.716772,1.623947,1.0489,1.0489
-10.734927,1.58829,1.0489,1.0489
-10.75158,1.55141,1.0188,1.0188
-10.766754,1.513333,1.0386,1.0386
-10.781343,1.474087,1.0288,1.0288
-10.794391,1.433707,1.0288,1.0288
-10.805932,1.392228,1.0189,1.0189
-10.816,1.349686,0.9598,0.9598
-10.824633,1.306124,0.95,0.95
-10.831873,1.261585,0.95,0.95
-10.837763,1.216116,0.95,0.95
-10.84235,1.169765,0.95,0.95
-10.845684,1.122586,0.95,0.95
-10.847816,1.074634,0.9492,0.9492
-10.849672,1.025966,0.9492,0.9492
-10.850327,0.976643,0.9394,0.9394
-10.849847,0.925744,0.9295,0.9295
-10.848296,0.874203,0.9098,0.9098
-10.845744,0.822086,0.9,0.9
-10.842264,0.769462,0.9,0.9
-10.837929,0.716404,0.9,0.9
-10.833688,0.662985,0.9,0.9
-10.82864,0.609285,0.9,0.9
-10.82287,0.555383,0.9,0.9
-10.816468,0.501363,0.9,0.9
-10.809526,0.44731,0.95,0.95
-10.802137,0.393315,0.9492,0.9492
-10.7944,0.339467,0.9394,0.9394
-10.787285,0.285863,0.9295,0.9295
-10.779913,0.2326,0.9197,0.9197
-10.772393,0.179777,0.9098,0.9098
-10.764837,0.127499,0.9,0.9
-10.758229,0.07587,0.9492,0.9492
-10.751704,0.025,0.95,0.95
-10.745386,-0.025,0.95,0.95
-10.7394,-0.075,0.9492,0.9492
-10.733875,-0.125,0.9394,0.9394
-10.727957,-0.175,0.9295,0.9295
-10.723518,-0.225,0.9197,0.9197
-10.718726,-0.275,0.9098,0.9098
-10.713604,-0.325,0.9,0.9
-10.708174,-0.375,0.9,0.9
-10.703329,-0.425,0.9,0.9
-10.698109,-0.475,0.9,0.9
-10.692541,-0.525,0.8992,0.8992
-10.686649,-0.575,0.8894,0.8894
-10.68046,-0.625,0.8795,0.8795
-10.674868,-0.675,0.8697,0.8697
-10.668917,-0.725,0.8598,0.8598
-10.663506,-0.775,0.8992,0.8992
-10.657681,-0.825,0.9,0.9
-10.652344,-0.875,0.9,0.9
-10.646544,-0.925,0.8992,0.8992
-10.641184,-0.975,0.8894,0.8894
-10.635318,-1.025,0.8795,0.8795
-10.629851,-1.075,0.8697,0.8697
-10.623839,-1.125,0.8598,0.8598
-10.618192,-1.175,0.85,0.85
-10.612838,-1.225,0.8697,0.8697
-10.607707,-1.275,0.8795,0.8795
-10.602733,-1.325,0.8795,0.8795
-10.596982,-1.375,0.8697,0.8697
-10.591376,-1.425,0.8598,0.8598
-10.585853,-1.475,0.85,0.85
-10.579371,-1.525,0.8492,0.8492
-10.572743,-1.575,0.8394,0.8394
-10.565913,-1.625,0.8295,0.8295
-10.558829,-1.675,0.8689,0.8689
-10.550572,-1.725,0.8591,0.8591
-10.542077,-1.775,0.8492,0.8492
-10.533296,-1.825,0.8389,0.8389
-10.524187,-1.875,0.8189,0.8189
-10.514708,-1.925,0.8091,0.8091
-10.504821,-1.975,0.8492,0.8492
-10.493506,-2.025,0.8389,0.8389
-10.481599,-2.075,0.8189,0.8189
-10.469067,-2.125,0.8091,0.8091
-10.455879,-2.175,0.8389,0.8389
-10.44201,-2.225,0.8189,0.8189
-10.427435,-2.27587,0.8091,0.8091
-10.412133,-2.326629,0.8492,0.8492
-10.396086,-2.377279,0.8389,0.8389
-10.379277,-2.427823,0.8189,0.8189
-10.361696,-2.479134,0.8591,0.8591
-10.343331,-2.530233,0.8389,0.8389
-10.32319,-2.581126,0.8189,0.8189
-10.302138,-2.632688,0.8591,0.8591
-10.28017,-2.683945,0.8389,0.8389
-10.257284,-2.734903,0.8689,0.8689
-10.233482,-2.786442,0.8591,0.8591
-10.208768,-2.837588,0.8788,0.8788
-10.183149,-2.888353,0.8894,0.8894
-10.156635,-2.939619,0.8992,0.8992
-10.129239,-2.990414,0.8895,0.8895
-10.100976,-3.040752,0.8992,0.8992
-10.07088,-3.09152,0.8691,0.8691
-10.03984,-3.141747,0.8788,0.8788
-10.007876,-3.192322,0.9089,0.9089
-9.975013,-3.242281,0.8788,0.8788
-9.941278,-3.291642,0.8798,0.8798
-9.9067,-3.341295,0.8798,0.8798
-9.871312,-3.390279,0.8497,0.8497
-9.834164,-3.438616,0.8594,0.8594
-9.796162,-3.48633,0.8691,0.8691
-9.757344,-3.533441,0.8788,0.8788
-9.717752,-3.580844,0.84,0.84
-9.677428,-3.627579,0.84,0.84
-9.636419,-3.673671,0.8798,0.8798
-9.594776,-3.719147,0.8798,0.8798
-9.551565,-3.764901,0.8798,0.8798
-9.507708,-3.809976,0.8798,0.8798
-9.463262,-3.854403,0.8798,0.8798
-9.418284,-3.899078,0.84,0.84
-9.37185,-3.943049,0.8389,0.8389
-9.324891,-3.987216,0.8292,0.8292
-9.27747,-4.030629,0.8195,0.8195
-9.229654,-4.074192,0.8497,0.8497
-9.181513,-4.116957,0.8389,0.8389
-9.133117,-4.158961,0.8292,0.8292
-9.083558,-4.201111,0.8195,0.8195
-9.03378,-4.242461,0.8098,0.8098
-8.983862,-4.283052,0.7991,0.7991
-8.933883,-4.323793,0.8292,0.8292
-8.882942,-4.363741,0.8189,0.8189
-8.831993,-4.40294,0.7991,0.7991
-8.781122,-4.442301,0.7894,0.7894
-8.730418,-4.480886,0.7689,0.7689
-8.679972,-4.518739,0.7991,0.7991
-8.628896,-4.556776,0.7894,0.7894
-8.578153,-4.594061,0.7689,0.7689
-8.526856,-4.631511,0.7592,0.7592
-8.475974,-4.668192,0.7894,0.7894
-8.424621,-4.705027,0.7689,0.7689
-8.373768,-4.741083,0.7591,0.7591
-8.322534,-4.777286,0.7291,0.7291
-8.271892,-4.812706,0.7592,0.7592
-8.220964,-4.8474,0.7495,0.7495
-8.170725,-4.882294,0.7291,0.7291
-8.120299,-4.916465,0.7592,0.7592
-8.069681,-4.95084,0.7495,0.7495
-8.018866,-4.984498,0.7291,0.7291
-7.967847,-5.018372,0.7592,0.7592
-7.917604,-5.05154,0.7495,0.7495
-7.867263,-5.084069,0.7291,0.7291
-7.816823,-5.116893,0.7592,0.7592
-7.766279,-5.149096,0.7495,0.7495
-7.715629,-5.181615,0.7291,0.7291
-7.66487,-5.213537,0.7592,0.7592
-7.614,-5.245802,0.7495,0.7495
-7.564,-5.2775,0.7291,0.7291
-7.514,-5.309574,0.7591,0.7591
-7.464,-5.341986,0.7291,0.7291
-7.414,-5.373829,0.7592,0.7592
-7.364,-5.406055,0.7495,0.7495
-7.314,-5.437759,0.7291,0.7291
-7.264,-5.469894,0.7592,0.7592
-7.214,-5.502431,0.7495,0.7495
-7.164,-5.534472,0.7291,0.7291
-7.114,-5.566975,0.7591,0.7591
-7.064,-5.599916,0.7291,0.7291
-7.014,-5.631419,0.7091,0.7091
-6.964,-5.663315,0.7291,0.7291
-6.914,-5.695583,0.7194,0.7194
-6.864,-5.728204,0.7091,0.7091
-6.814,-5.759308,0.7291,0.7291
-6.76313,-5.789862,0.7291,0.7291
-6.712371,-5.81996,0.7591,0.7591
-6.660851,-5.848716,0.7291,0.7291
-6.609549,-5.877092,0.7091,0.7091
-6.557588,-5.905181,0.7291,0.7291
-6.505945,-5.932092,0.7091,0.7091
-6.454611,-5.958785,0.7291,0.7291
-6.403578,-5.986222,0.7194,0.7194
-6.352837,-6.012526,0.7495,0.7495
-6.30238,-6.039527,0.7291,0.7291
-6.252198,-6.067206,0.7495,0.7495
-6.202284,-6.093688,0.7291,0.7291
-6.152627,-6.120807,0.7291,0.7291
-6.103221,-6.14756,0.7291,0.7291
-6.054056,-6.1748,0.7291,0.7291
-6.005124,-6.20251,0.7495,0.7495
-5.956417,-6.229693,0.7291,0.7291
-5.907926,-6.257207,0.7291,0.7291
-5.859642,-6.284172,0.7291,0.7291
-5.811557,-6.311562,0.7492,0.7492
-5.763663,-6.33937,0.7291,0.7291
-5.715952,-6.366608,0.7291,0.7291
-5.668413,-6.394141,0.6992,0.6992
-5.621041,-6.421968,0.7091,0.7091
-5.573824,-6.450091,0.6892,0.6892
-5.526757,-6.477529,0.6591,0.6591
-5.479828,-6.505156,0.6892,0.6892
-5.433032,-6.53298,0.6591,0.6591
-5.386358,-6.560025,0.6892,0.6892
-5.339798,-6.587173,0.6591,0.6591
-5.293345,-6.613451,0.6892,0.6892
-5.246988,-6.640612,0.6591,0.6591
-5.200721,-6.667575,0.6892,0.6892
-5.154535,-6.694248,0.6492,0.6492
-5.10842,-6.720655,0.6591,0.6591
-5.062369,-6.745837,0.6492,0.6492
-5.016373,-6.769821,0.6492,0.6492
-4.970423,-6.79362,0.6192,0.6192
-4.924512,-6.816277,0.6492,0.6492
-4.87863,-6.838693,0.6192,0.6192
-4.83277,-6.860901,0.6394,0.6394
-4.786922,-6.88108,0.5992,0.5992
-4.741078,-6.901119,0.5992,0.5992
-4.69523,-6.921052,0.5492,0.5492
-4.64937,-6.939933,0.5395,0.5395
-4.603488,-6.95867,0.4997,0.4997
-4.557577,-6.976319,0.49,0.49
-4.511627,-6.993793,0.4598,0.4598
-4.465631,-7.009279,0.4598,0.4598
-4.41958,-7.024674,0.42,0.42
-4.373465,-7.039037,0.4297,0.4297
-4.327279,-7.053281,0.3995,0.3995
-4.281012,-7.067454,0.3795,0.3795
-4.234655,-7.07975,0.4197,0.4197
-4.188202,-7.092069,0.4098,0.4098
-4.141642,-7.103478,0.4,0.4
-4.094968,-7.114896,0.4,0.4
-4.048172,-7.125391,0.45,0.45
-4.001243,-7.135884,0.45,0.45
-3.954176,-7.145561,0.4598,0.4598
-3.906959,-7.154477,0.4697,0.4697
-3.859587,-7.163556,0.4795,0.4795
-3.812048,-7.171874,0.4894,0.4894
-3.764337,-7.180357,0.5394,0.5394
-3.716443,-7.188081,0.5492,0.5492
-3.668358,-7.195108,0.5794,0.5794
-3.620074,-7.201498,0.6,0.6
-3.620074,-7.201498,0.6,0.6
-3.571583,-7.207198,0.6098,0.6098
-3.522876,-7.213138,0.6197,0.6197
-3.473944,-7.218397,0.6295,0.6295
-3.424779,-7.22391,0.6394,0.6394
-3.375373,-7.228757,0.5992,0.5992
-3.325716,-7.232891,0.6098,0.6098
-3.275802,-7.237248,0.6197,0.6197
-3.22562,-7.240914,0.6295,0.6295
-3.175163,-7.243842,0.6394,0.6394
-3.124422,-7.246973,0.6492,0.6492
-3.073389,-7.249393,0.6591,0.6591
-3.022055,-7.250191,0.6697,0.6697
-2.970412,-7.250305,0.6795,0.6795
-2.918451,-7.250675,0.6894,0.6894
-2.867149,-7.251373,0.6992,0.6992
-2.815629,-7.252474,0.7091,0.7091
-2.76487,-7.254055,0.7197,0.7197
-2.714,-7.256197,0.7295,0.7295
-2.664,-7.258983,0.7394,0.7394
-2.614,-7.262499,0.7492,0.7492
-2.564,-7.266835,0.75,0.75
-2.514,-7.271097,0.7591,0.7591
-2.464,-7.276248,0.7197,0.7197
-2.414,-7.281397,0.7295,0.7295
-2.364,-7.286526,0.7394,0.7394
-2.314,-7.292598,0.7492,0.7492
-2.264,-7.298726,0.75,0.75
-2.214,-7.304894,0.75,0.75
-2.164,-7.311084,0.75,0.75
-2.114,-7.31728,0.7492,0.7492
-2.064,-7.323465,0.7394,0.7394
-2.014,-7.329622,0.7,0.7
-1.964,-7.336717,0.7,0.7
-1.914,-7.343868,0.7098,0.7098
-1.864,-7.35106,0.7197,0.7197
-1.814,-7.358279,0.7295,0.7295
-1.764,-7.365511,0.7295,0.7295
-1.714,-7.372741,0.7197,0.7197
-1.664,-7.379955,0.7,0.7
-1.614,-7.38714,0.7,0.7
-1.564,-7.394281,0.7,0.7
-1.514,-7.401364,0.7,0.7
-1.464,-7.407505,0.7,0.7
-1.414,-7.413672,0.7,0.7
-1.364,-7.419847,0.7,0.7
-1.314,-7.425029,0.65,0.65
-1.264,-7.429083,0.65,0.65
-1.214,-7.432858,0.65,0.65
-1.164,-7.436331,0.65,0.65
-1.114,-7.43948,0.65,0.65
-1.064,-7.443265,0.65,0.65
-1.014,-7.446797,0.65,0.65
-0.964,-7.450057,0.6598,0.6598
-0.914,-7.453025,0.6697,0.6697
-0.864,-7.455681,0.6795,0.6795
-0.814,-7.458989,0.6894,0.6894
-0.764,-7.462063,0.6992,0.6992
-0.714,-7.464886,0.7,0.7
-0.664,-7.46744,0.7,0.7
-0.614,-7.469709,0.6992,0.6992
-0.564,-7.471676,0.6894,0.6894
-0.514,-7.473323,0.6795,0.6795
-0.464,-7.475619,0.65,0.65
-0.414,-7.47768,0.65,0.65
-0.364,-7.47949,0.65,0.65
-0.314,-7.481036,0.65,0.65
-0.264,-7.482304,0.65,0.65
-0.214,-7.484265,0.65,0.65
-0.164,-7.486036,0.65,0.65
-0.114,-7.487606,0.65,0.65
-0.064,-7.488965,0.65,0.65
-0.014,-7.490971,0.6598,0.6598
0.036,-7.492631,0.6697,0.6697
0.086,-7.49492,0.6795,0.6795
0.136,-7.496965,0.6894,0.6894
0.186,-7.498757,0.6992,0.6992
0.236,-7.500293,0.7,0.7
0.286,-7.501566,0.7,0.7
0.336,-7.502571,0.7,0.7
0.386,-7.504287,0.7,0.7
