s_m,ey_m,epsi_rad,v_mps,a_mps2,delta_rad,sdot_mps,t_s
0.0,0.46574725693498353,-0.0008035237812889185,6.99999910994903,0.197143642117639,0.006598675299907053,7.093030062230054,0.0
0.25852347257551134,0.4657574160925699,0.0008830211738667603,6.999999588377562,0.2698894041547996,-0.006978621928057097,7.127998442441149,0.03651210403012193
0.5170462926247021,0.46575628924691015,-0.0008918824533278729,6.999999585081832,0.3976322817552086,0.007130280835579658,7.190229540395153,0.07284500218872506
0.7755560452000818,0.46575805705711393,0.0009059054628590486,6.999999579881801,0.5812261572039525,-0.007284374611592679,7.2815978097222755,0.10886357059562608
1.0340568069512235,0.46575783610130317,-0.0009076804585594889,6.99999957277848,0.8127427051923458,0.007428350430071735,7.400178715574044,0.14442999187800928
1.2925751249366397,0.46575838124749663,0.0009121310426291732,6.999999564030375,1.076616193323472,-0.007590647340771238,7.540132052543797,0.17942676649866457
1.5511384279347475,0.4657582880025397,-0.000912906701481049,6.999999554134086,1.353211718786098,0.007755737953213852,7.692629764946134,0.21377359820520012
1.809727829345058,0.46575852104927207,0.0009148844831754273,6.999999543789557,1.6199606255454315,-0.007921454585370401,7.845658455665474,0.24744000226807988
2.0683188603865026,0.4657584476959023,-0.0009155194007166325,6.999999533947807,1.8509311359779668,0.00806810808988823,7.983165630944454,0.2804491944738181
2.3269671296115817,0.4657585814194198,0.0009166971212755307,6.99999952576274,2.0203193648160624,-0.0081818192425554,8.087114086712182,0.31289044993128623
2.5857594717734944,0.46575850027830384,-0.0009174210627113573,6.999999520339994,2.1098533056629516,0.008245647785212307,8.143159081277597,0.34491401911880876
2.844658897250493,0.4657586011560504,0.0009183273106288976,6.99999951834503,2.1146108005261195,-0.008257405741441598,8.14615907116871,0.3767179293652287
3.103631798203802,0.46575849092501315,-0.0009193179734860808,6.999999519761519,2.0438132783059677,0.0082208042846937,8.101745251092598,0.4085093677982615
3.3629180348143484,0.4657585956600458,0.0009202540889684935,6.999999523924977,1.9175335206409614,-0.008152704021113833,8.023717052335412,0.4404758394091958
3.6227043009635262,0.4657584234813494,-0.0009217782245071648,6.999999529775616,1.7614122220489103,0.008069047242511831,7.929302343682828,0.4727524509802228
3.882382984152746,0.46575857439278007,0.0009230983542600022,6.999999536179567,1.6011840431227469,-0.007989498889821972,7.834687558979744,0.5054140635163931
4.141686618357594,0.4657582833091847,-0.0009256143342046472,6.999999542169743,1.458348861512692,0.007925798870192085,7.752226092242756,0.5384694796634278
4.400661710348836,0.46575855038328934,0.0009278984515799788,6.999999547073882,1.3477763586887685,-0.007888543288451668,7.689573729340127,0.5718770916738739
4.659283620400437,0.4657580783836152,-0.0009319026086057827,6.999999550519411,1.2772655718360104,0.007881324439493801,7.650146113741544,0.6055563607094938
4.9175497857437085,0.46575854026707725,0.0009358007965091366,6.999999552381617,1.248735552373101,-0.007903349404352725,7.634308591792057,0.639409714528021
5.175427871380391,0.4657579252753735,-0.0009409805117005441,6.99999955268902,1.2605575596027636,0.007954081750359094,7.640862590155397,0.6733328066894341
5.432981284313682,0.46575855106589886,0.0009462556277276473,6.999999551521575,1.310439001626697,-0.00802627304519888,7.668645617862404,0.7072272903925882
5.690065041440689,0.46575796875260445,-0.0009511821730653164,6.999999548905917,1.3982343311017966,0.008120867468753958,7.718037230646696,0.7409984738701293
5.946927922089954,0.4657585772510405,0.0009563633282710882,6.999999544720369,1.5280368561250697,-0.008236660909268178,7.792240571270224,0.7745540673324254
6.204570333115945,0.465758162858242,-0.0009599257248976826,6.999999538627457,1.7090215068243186,0.00838098860205273,7.898114484567255,0.8077895506397628
6.4626763152467515,0.4657586123149011,0.0009638419774632445,6.999999530024447,1.9549704792420897,-0.008565509471602816,8.04669227636824,0.8405801382598599
6.720651197283457,0.46575837628020766,-0.0009659373542622938,6.999999518015707,2.2829531121802917,0.008806610188707155,8.253745995658376,0.872764568060367
6.978641107639242,0.46575865105291514,0.0009684393275569182,6.999999501339884,2.711929656432527,-0.00913054281234333,8.541201255376288,0.904142407593156
7.236558505714065,0.46575853434069364,-0.0009695391088527056,6.999999478222433,3.2624613478890434,0.009574431016537321,8.94080460825101,0.9344633200176403
7.494348408056163,0.4657587739549775,0.0009719025500512091,6.999999937544088,3.9590826525556446,-0.010189432301589219,9.503442906638972,0.9634300904301235
7.751922986339194,0.46575877937340104,-0.0009718457407393695,7.000000004463859,3.9187454641171855,-0.014322837254418503,10.321821151439892,0.9906807468138048
8.00918068025694,0.46536706234004244,-0.003488016968341325,6.977123271426217,3.6554085294855505,-0.029185489243686864,11.541884853502701,1.015816719366274
8.265987381450909,0.46446252577160513,-0.008061034784690816,6.926365673601995,3.3327058620506196,-0.04032289430324469,13.55074379810148,1.0383499697352487
8.522415755332478,0.4630395430442202,-0.013409042476718676,6.850972995688755,3.049421537380556,-0.04822105615635369,17.352410963878828,1.0575931808556858
8.778384954192726,0.46141141674225844,-0.018356223360491503,6.762906504723522,2.847667643698678,-0.05368871672594097,25.929676936164164,1.0726537569961776
9.03370891695154,0.46004290790836044,-0.022001120709985878,6.682974500609221,2.7300420089860298,-0.05721319804383968,48.772312709141,1.0827423919241614
9.287842575025762,0.4592214330627908,-0.02404493177843907,6.630668663102022,2.6743329640271227,-0.0591296644224847,84.69741579579613,1.088102903505213
9.540527205306525,0.4587185369479733,-0.025252848199662743,6.597963484340478,2.644885040894286,-0.060241077056323686,50.83163884162072,1.0911878034188978
9.793169424583684,0.457829771073526,-0.027293384544449063,6.547394845067587,2.6122522568812525,-0.06175153390805289,23.69052216372759,1.0963351818567697
10.047743134837932,0.45570459489331705,-0.03174534788832309,6.46248883926428,2.571017266865338,-0.06411242650066507,14.093700797189902,1.1074043801528048
10.304738277887541,0.45145756698826145,-0.03941072625192053,6.368411866061041,2.532737711662439,-0.06669638795564081,10.140526031118723,1.1260158370592808
10.56368984165893,0.44412696059766194,-0.05032734094509643,6.298928102994346,2.5077403259103126,-0.06861664268108589,8.21798027433053,1.151820254117425
10.823542806062735,0.4327364153853698,-0.06402598355691201,6.273207109633779,2.4979141918699876,-0.06935309209147084,7.179496369354394,1.1835297374203089
11.083169121776171,0.4164257520395863,-0.07979554055022986,6.296274163646521,2.4980257488526054,-0.06884550323321051,6.591721005446914,1.2196514061360335
11.342482658425908,0.3945572313379551,-0.09688733790258332,6.365589247788978,2.4969041886802823,-0.06737816442915401,6.267523289521366,1.258803576594196
11.601456937535167,0.3667739697819219,-0.11464663987694577,6.475199125322076,2.4730860669690826,-0.06551524568889858,6.118353828195278,1.2997945111301654
11.860058992509677,0.33301345713724895,-0.13260924944428173,6.616984185555249,2.371965074108275,-0.06427723203866151,6.097580004639471,1.3416187047268622
12.118426525476288,0.29345609163320824,-0.1506473930952727,6.779888596342637,1.966321962889292,-0.06620964227831427,6.173751136291185,1.3834567048887358
12.376671972486571,0.24833906808887013,-0.16942092465045624,6.943750433881012,-0.9810068684009741,-0.0702574069028787,6.312365214416281,1.4247196859663986
12.634929009093394,0.19781531411558947,-0.1893485908654176,6.999999612543634,-3.2951608057970745,0.04046898901609455,6.400218206645653,1.4653362661728853
12.893199319207781,0.14660551983641998,-0.17799543779143975,6.972878004531833,-3.2833812158472595,0.041091067901944174,6.477043231240041,1.5054690223159652
13.151391094574352,0.09928556317674873,-0.16664928857181785,6.95484704905632,-3.315916176571827,0.040446733450785415,6.571887402071113,1.545097267052185
13.409344028206483,0.05575523845450253,-0.1556709022362964,6.944571255561398,-3.3579464165010466,0.03941440473764432,6.68281515895947,1.5841319442690782
13.666868784019773,0.01583830685641879,-0.14516637877038585,6.942849736079289,-3.4083619333705424,0.03798496249726712,6.813938384309711,1.6224942445778376
13.923988520819785,-0.020660707714340303,-0.13524050787334474,6.949945698243098,-3.466916535893379,0.03612630337216985,6.966265654942612,1.6600943488898585
14.180914766677148,-0.05397368852986577,-0.1259965406654002,6.9642631705523,-3.5326028202348363,0.03383814146917501,7.1308212161876074,1.6968580203124006
14.437720085968795,-0.08439586706919597,-0.11751756571763353,6.981691502924063,-3.603170300432595,0.03117054931971602,7.286302635597744,1.7327795371330892
14.694670609697361,-0.11229368347956144,-0.10984933768773067,6.99598038729621,-3.675268393933555,0.028216523346493376,7.404248556802536,1.7679685047413936
14.952240464339495,-0.13808099258666062,-0.10299747585168906,6.999999927638999,-3.377904831614103,0.03823792151382852,7.459976583493984,1.8026595095839204
15.210584903019823,-0.16179012380563343,-0.09376291394243848,6.999999898456573,-2.8269351603731203,0.05049122076599542,7.4564456128580785,1.837143081624668
15.469568695840499,-0.18296192429836128,-0.08154096866096143,6.999999829492676,-2.2061120751723107,0.05951214875970773,7.403651034795046,1.871693805798292
15.728887951338049,-0.2010647021443669,-0.06700528502934448,6.999999773484074,-1.5701114387634807,0.0656013514755104,7.31415344912811,1.9065450803920638
15.98817676195718,-0.2156171635978309,-0.05075939256160453,6.999999727109895,-0.9506900632979182,0.06927067886795014,7.201880502880285,1.941872273806038
16.247238585981567,-0.22618309747590176,-0.03331517333909002,6.9999996876932515,-0.35893761828209164,0.07102060755355338,7.078207855314475,1.9777899844893714
16.506028931439538,-0.23238011620718685,-0.015102564484352439,6.999999653187977,0.20577367953137352,0.07121315792344307,6.951713306316502,2.0143628268437106
16.764456610471584,-0.2338930066581313,0.003498961222918215,6.999999621987058,0.7454114563076185,0.07006215381850878,6.829847980913438,2.0516153151056034
17.022527151023166,-0.23049250869534652,0.022125467132701672,6.9999995934851515,1.254356805328193,0.06772119350915491,6.720702078594185,2.0895327082787065
17.28019889125719,-0.2220625828439421,0.040413568602160416,6.999999569042488,1.713909821199876,-0.008914378639525206,6.633610152722786,2.128052273735851
17.53759174539559,-0.21136730698898218,0.037980509657777065,6.99999967538362,2.0923399532096907,-0.06080129421775259,6.579279843302889,2.1670421657983283
17.794760989665328,-0.2032232441186385,0.021232084205114226,6.999999680066524,2.3520284790054107,-0.057710781692457754,6.551088388682012,2.206345329695961
18.051804408137688,-0.19956122368824578,0.0052572384006901365,6.999999664626506,2.4621069395712505,-0.05623428454708262,6.540794052717537,2.245845519188382
18.309158003440206,-0.20026631919143148,-0.010345251387099678,6.999999628068981,2.410890167266808,-0.05693456214374671,6.547982318485919,2.285440176421631
18.566953529438546,-0.20532050154346634,-0.02613809720063698,6.999999584514038,2.2107327500943312,-0.05945746627824912,6.571486194587899,2.3250239120915803
18.82514346163731,-0.21481261433315718,-0.042585457598743943,6.999999556229602,1.8923125690839844,-0.06284679134655982,6.60981851659911,2.364495046066139
19.08362272611097,-0.22888777323476922,-0.059881620909686406,6.9999995514497515,1.4923867150241412,-0.06617366758095652,6.662341165107677,2.403759209372241
19.342275848587292,-0.24767160576629624,-0.07795793504586007,6.999999562441389,1.0425141499264388,-0.06885025823023087,6.730479721771875,2.4427257718280075
19.60098736011607,-0.2712038415314956,-0.09657712267560745,6.999999579044099,0.563878761530458,-0.0705963675919965,6.818420852029073,2.481297592984404
19.859668621551243,-0.2993906728670626,-0.11541696065155113,6.999999594662779,0.06859545641816733,-0.06320075445542545,6.933086958149288,2.519358091062325
20.118257001483244,-0.3316906443486961,-0.13198400016740588,6.999999584359667,-0.4352023183258254,0.07088401750243226,7.085228590197243,2.556755873615107
20.37670338164414,-0.3629942227352231,-0.11385607932497836,6.9999995465717975,-0.9375932657079448,0.06932651522268432,7.310094659346767,2.59322903663117
20.6349604102055,-0.38897897874744947,-0.09668423064595545,6.9999995032348625,-1.422519150724807,0.06665955976538368,7.5653244175931285,2.628557368117064
20.893054552354727,-0.41014194168335777,-0.08073714772067246,6.999999462704415,-1.8660571376156045,0.06309518263180328,7.833697954161875,2.662682699204739
21.151087760198724,-0.42707037014470767,-0.06616267648205461,6.999999439759698,-2.2381817056045397,0.05913049008940987,8.089289321256214,2.6956377325012593
21.40914192831685,-0.44036818800009175,-0.05293495104197044,6.999999451515353,-2.5084642174302525,0.055579763515868165,8.299990470581816,2.7275581906829967
21.66729212049641,-0.45057637860914784,-0.04081394996680128,6.99999949851728,-2.6546636958027867,0.05337932149497871,8.435610680953094,2.7586808193177466
21.925607775862083,-0.45809937126278955,-0.029354744388888576,6.999999554971229,-2.6708312873514535,0.053122293030347226,8.479000166280626,2.789319544452158
22.184198356811383,-0.4631543605483944,-0.018002135986522474,6.999999595000251,-2.5706168505443316,0.05466923711837127,8.433227429932522,2.8198204011879446
22.44316772390576,-0.4657587252128107,-0.006247159244641922,6.999999574589218,-2.3837661778533055,0.05728145455468595,8.31938826601103,2.8505069312153273
22.702439605710527,-0.4657587054943153,0.006247340364387858,6.999999520354284,-2.147853606258727,-0.0541905272330042,8.167026173458343,2.8816335148977195
22.961788823147728,-0.4657084150627007,-0.005794252139024662,6.999999522090231,-1.8994575515748406,0.04921972847751165,8.012414981368831,2.913346500452123
23.221096711484066,-0.46575865263041627,0.005350137998851475,6.999999532000948,-1.6679798092332745,-0.04277207689756395,7.873745890251935,2.9456662643890597
23.4803469236422,-0.46566127839099736,-0.004504338199997907,6.999999540531763,-1.4731024843472997,0.034983857342972095,7.760412261054107,2.978559776120858
23.739436549132474,-0.4657586160906616,0.003670935498956543,6.9999995471868806,-1.3253296327872623,-0.025873269000057906,7.67693018721773,3.0119300193531
23.998252590996263,-0.465613329000767,-0.0024404862880359523,6.999999551848694,-1.228640630027682,0.015386387369386328,7.622961447854226,3.0456662080942807
24.25672264571185,-0.46575858915803453,0.0012188353765870217,6.999999554495169,-1.1841845237838693,-0.0077987459626783365,7.59871226215798,3.0796390312825395
24.514867222483378,-0.4656897570874647,-0.0006418177892052405,6.999999555149752,-1.1939273723095642,0.0029621862700790367,7.603970359026052,3.1137217189893445
24.7728875463016,-0.4657585883659217,6.439512180833751e-05,6.999999553677707,-1.2633776579314606,-0.0004323901154664842,7.6424322375707785,3.147780100488242
25.03095686051754,-0.46575547823361124,-3.8172642116393876e-05,6.999999552577506,-3.703963643937379,0.0002115540099168737,7.720736132774485,3.1816674101229085
25.28901205390413,-0.46575860951547987,1.150130928323467e-05,6.922122813846175,-3.999967713227537,-8.144041158915144e-05,7.7632891822186005,3.215398412866748
25.547016188068834,-0.46575812500098834,-7.3049295571740844e-06,6.841625685014042,-3.9999837908909974,4.469139871505521e-05,7.86764667404072,3.2489530038812022
25.80489033388528,-0.46575863678748725,2.7599070368954736e-06,6.772345293800259,-3.99998894404473,-2.097837185482488e-05,8.072837112609388,3.282037501485847
26.06263211137413,-0.46575853228104885,-1.7978701290579232e-06,6.718658932797235,-3.9999912346651265,1.0544354971433953e-05,8.419089359638892,3.3142455059370763
26.32010691024415,-0.46575867865752313,3.813738226557065e-07,6.684928310757699,-3.999992367310306,-2.5912843200104e-06,8.961025997619654,3.3450839420374243
26.577128033185712,-0.46575865333756583,-1.1926263432054794e-07,6.674596890338939,-3.999992856473633,-2.626875973792098e-06,9.759607108266485,3.374007085674914
26.83361704934761,-0.46575871566432053,-5.845279161877904e-07,6.6887707044751865,-3.9999929375677143,8.467594995642864e-06,10.837897612235995,3.400515059933076
27.08948939418029,-0.4657587009311887,7.688831324568977e-07,6.724820634549414,-3.999992819829324,-1.4032550047829142e-05,12.060229205512464,3.42434694388867
27.344764434281352,-0.46575873621435265,-1.257539979562841e-06,6.776417399432657,-3.9999927891041853,2.1814298949168153e-05,12.98988630913953,3.4457391489288605
27.599807889452354,-0.46575870702649463,1.689624845954536e-06,6.835764814065477,-3.9999931411690097,-2.887216096010533e-05,13.0818169448127,3.4655896667393575
27.85532195773233,-0.4657587427503742,-2.217585020259426e-06,6.895648926215371,-3.9999920936518825,9.296795088356497e-05,12.29192354743808,3.4853006627405616
28.112262525939997,-0.4657580837495568,1.128935759590914e-05,6.948635768012922,-3.999983166981106,-0.0001910773452472758,11.120260579594998,3.506289517859327
28.370624828442477,-0.4657587588061896,-1.9632260609649605e-05,6.986070630207235,-3.999970187812893,0.0002661711718761571,10.01325465830923,3.529516287911388
28.629525257090407,-0.46575796116104135,2.846130626687794e-05,7.000000017370027,-3.501849907574316,0.03450503020240113,9.126478007838857,3.5553544398658787
28.888399486307076,-0.46507108796833246,0.006886289152892367,6.999999535021902,-2.6034306871069335,0.05417441270711776,8.463806971908815,3.583735834745357
29.14701549632439,-0.4623499797723253,0.018508057869377374,6.999999551338444,-1.867687863161266,0.06307944137085056,7.983673154092513,3.614352285839992
29.405334968875323,-0.45651235000798623,0.03286461376904616,6.999999569442824,-1.278224235289185,0.06757934268556207,7.632467968924888,3.646822702237904
29.66341159004803,-0.44678585277250543,0.048960085048133074,6.999999580750277,-0.807425255293157,0.06984327141548724,7.371503229210185,3.680795387749253
29.92142934783236,-0.43261659247268214,0.06618677880626102,6.999999588340697,-0.42860894922844184,0.07089669620427963,7.17472448327472,3.7159734866935974
30.179557156697694,-0.4136180635334794,0.08415258329383425,6.9999995942034055,-0.12082891277408142,0.07127232867787191,7.025386751377274,3.752113987384629
30.43789230988711,-0.3895338312989042,0.10259440415686688,6.999999599376833,0.1297154453481556,0.07126357349722907,6.91328966248173,3.789015876045079
30.696423968833432,-0.36021374444436877,0.12132777206981647,6.999999604305917,0.32969887536425624,0.07101913683487134,6.8326190311868285,3.8265057681789334
30.954987265381952,-0.3256017814998462,0.1402108075768685,6.999999608430385,0.47954823775067307,-0.07072673191200347,6.78006951690993,3.8644256863196347
31.21348228552658,-0.2908241565911703,0.12131484418790024,6.999999609581552,0.5753248911743503,-0.07053667347415707,6.7863408579397975,3.9025289725197223
31.47195371031966,-0.261063690569918,0.10248441171791842,6.999999608601782,0.611784650784604,-0.07044602266841439,6.80793845494001,3.940602770457818
31.73043158716204,-0.23635572356509235,0.08373191896950116,6.999999606719421,0.5861521397955938,-0.07051044247552761,6.840099554686345,3.978567932971202
31.98894260238979,-0.2166898013050984,0.06504244216822355,6.999999604450836,0.5014236374236403,-0.07068815316724435,6.8784315741519295,4.016370833329189
32.24748836243347,-0.20202770678205767,0.04640131545774843,6.999999602150698,0.3679055535869806,-0.0705592041791739,6.918998126299746,4.053980830457488
32.506049512039276,-0.19230305189325533,0.02789509743707008,6.999999599842432,0.2022957316867188,-0.025925609561879195,6.9586042524337035,4.0913871018429395
32.76460872695392,-0.18591742963688757,0.02114062791070986,6.999999597474291,0.02449362705128469,-0.008183068407144972,6.99388558859537,4.12859772457519
33.023132650424124,-0.18071303034470454,0.019019531961446744,6.999999595293424,-0.14685570208014245,0.034281978350494055,7.025368443514352,4.165626250535529
33.281602912884644,-0.174662731831845,0.027870718769973577,6.999999593363467,-0.2984594135611694,0.07102732403576915,7.049781510092262,4.202495766285856
33.54005331746315,-0.16513971023469337,0.046175474792423295,6.999999591744698,-0.4243433897457751,0.07088487535475087,7.0632474122680255,4.239250162681961
33.79851292305921,-0.1509422583800608,0.06441566106995256,6.9999995908664205,-0.5246120854251815,0.07068256970988647,7.065407843651959,4.275948756669627
34.056986244432096,-0.1320727830088587,0.08260604952164123,6.999999591035678,-0.601410616354023,0.07049196195602875,7.056197678621594,4.312652261360847
34.31546975104493,-0.10850621971056885,0.10077943293495997,6.999999592356899,-0.6540101095668149,0.07034470973396455,7.03580914126155,4.349420937034284
34.573953518869246,-0.08018779967857446,0.11897595260600473,6.99999959479915,-0.6755459758419071,0.07028038042551242,7.004721636131293,4.386313743631106
34.83245119842232,-0.04703303310616902,0.1372446089984842,6.999999598120131,-0.6532868438168494,0.0703460993519343,6.964748062132799,4.423386819676024
35.090953092550535,-0.008934761455754059,0.15564185107341058,6.999999601749224,-0.572740854730464,0.07056504424737634,6.9204444195419486,4.460685844629322
35.34947097942328,0.034213628176098576,0.17421790746696725,6.999999604849172,-0.42410943641608984,0.07088572965531591,6.879775344963166,4.498230161175649
35.608028972757154,0.08247357220537603,0.19298705185473503,6.999999606411338,-0.2084411354584168,0.01948274919289834,6.853219267093425,4.535992543002577
35.86661380773034,0.13394276482519382,0.19814798496026365,6.999999604807654,0.05894485994551981,-0.07128385146397193,6.870778962915671,4.573830268331939
36.125160845862275,0.18334731865352116,0.17934604566104334,6.999999601460574,0.3488080305276859,-0.07103094148399279,6.951231009474155,4.611446647954743
36.38362673415849,0.22737206388339334,0.16084099480074562,6.999999596473987,0.6218500762603463,-0.07044003279534249,7.052093857284815,4.648601320669107
36.64201486212629,0.2661206394055436,0.1427611488968516,6.999999589889403,0.8354733227481731,-0.0697373679054977,7.156082369821666,4.685207806034639
36.90035230252939,0.2998380437639519,0.1251247610959068,6.999999581914147,0.9527170212727131,-0.06925980632436492,7.240760324063651,4.721277398782502
37.158660773681596,0.3288403334272541,0.10781104802536796,6.99999957434677,0.9516621626483442,-0.0692643875141096,7.285046036725451,4.756932011676109
37.417038365312656,0.35341976033005706,0.09059341181238346,6.999999570267304,0.8321325001299718,-0.06974997885881659,7.277024888856947,4.79238641819422
37.67555813368349,0.3737603669150847,0.07322448863789015,6.999999572034042,0.6166819925875806,-0.07045434157232566,7.218941965185247,4.827902554199295
37.93415836580004,0.38989333151080335,0.055526379705974384,6.999999579234665,0.34549844511078553,-0.07103587569806477,7.1263501427029405,4.863728830456668
38.192744482222274,0.4017045846160775,0.037438974730709666,6.999999588868982,0.06771257854216321,-0.07127976804773423,7.022381625559831,4.900042417558959
38.451248638819294,0.4089877659229835,0.019012496573673855,6.999999597338666,-0.16782296771293226,-0.050998755239751344,6.9307756404851455,4.936909744388304
38.709666785087315,0.4122145177324575,0.005661973215107349,6.999999602680889,-0.32043692705618526,0.06407762117008994,6.870247025137551,4.974274655724828
38.968008206171824,0.4159432362798738,0.02259622754333134,6.999999605467448,-0.36326689054446015,0.04636180027446014,6.850344590882881,5.01197685772343
39.226326910138916,0.42354976745764666,0.03487838609760845,6.999999605270286,-0.28556120476468716,0.03891956804961929,6.876919574334002,5.0497954253726105
39.484731468872546,0.43409918633129974,0.0451475050315721,6.999999601728779,-0.09081370725091432,0.021701984565754544,6.953705417994189,5.087469951565567
39.74333507720152,0.4466050119628376,0.05080742038315263,6.999999594456491,0.20860586961039831,-0.06516479795766603,7.0852660511811605,5.124721495936442
40.00218369015169,0.4574605360053062,0.03411963595063712,6.9999995834644775,0.5979250114889582,-0.07045221143044945,7.2804098701821065,5.161253396501938
40.26112141053021,0.4637656900185343,0.016557354204415044,6.999999568405382,1.0649817649421647,-0.06867809487630883,7.530363480788436,5.196805796298409
40.519870932148194,0.4657583819134871,2.775929922301471e-06,6.999999549033157,1.6028022903178927,-1.702621625226989e-05,7.835635312387175,5.231186780730098
40.778390010839274,0.4657585684652605,-1.163290703622467e-06,6.9999995268979385,2.2107775841700037,1.0864317822401734e-05,8.20727721328504,5.264238507106422
41.036727565675406,0.46575857654849595,1.2364800600775228e-06,6.999999498748619,2.8966760665788227,-8.277038189034309e-06,8.671264874415364,5.295793587164416
41.29483543350021,0.4657586541654702,-4.939692486431231e-07,6.999999463035973,3.6815133700454497,5.56127941096489e-06,9.270974253535012,5.325660196063063
41.55259282190616,0.46575866389640636,5.934968648347128e-07,7.000000020211125,3.9999958609258,-4.14641524326461e-06,10.094404138283068,5.353594830553206
41.81002319737682,0.46575870361601507,-1.511639726881314e-07,6.984536420218757,3.9999950694514066,3.0212305869607367e-06,11.304257426293402,5.379279205178727
42.06718581428731,0.46575871810691055,3.3228183822556493e-07,6.94515104171158,3.999993847340224,-2.742084045322123e-06,13.298235051219741,5.402254252245036
42.323871723855966,0.46575873796793155,-3.860107157447714e-08,6.88465737421833,3.9999916563826536,2.726601423150308e-06,17.108189276094617,5.421814585244793
42.57986692742722,0.46575874875257933,2.455624459311807e-07,6.811815998398397,3.999986927533695,-3.3292430266916713e-06,25.692042836108193,5.437033210315145
42.83471248293072,0.46575875776562287,1.6961440493616768e-08,6.744001127134378,3.9999752059269067,-4.742300951469016e-06,47.33316996066668,5.447163986476293
43.08815242209763,0.46575875516299753,-1.5802707255106202e-07,6.698025167222414,3.999960363756486,4.995621816763002e-05,73.60970557047118,5.452654186748963
43.34063000649496,0.46575876531036114,1.019225381119081e-06,6.666139477153947,3.9999741523268852,-9.692599843039276e-05,44.80839520074241,5.456180894052791
43.59351725521498,0.4657587326385985,-2.715199223348916e-06,6.618924957945952,3.999986249505195,8.15945411937195e-05,22.65763117583417,5.461981220925323
43.84871393440363,0.4657587607329466,3.457889199791047e-06,6.5499025326966,3.9999901928581663,-9.126391021569895e-05,14.180026266978116,5.473471508671273
44.10655933282508,0.4657585213745239,-7.459662796356592e-06,6.48511825220168,3.999990890272216,0.00011196313109691934,10.548198027122584,5.491826411593618
44.365711233239246,0.4657587528759067,1.0367536283685238e-05,6.451898442028357,3.9998922090561297,-0.0006075509924951882,8.766012927705233,5.516441858119265
44.62499239166409,0.46574969178976533,-0.0001054401770202041,6.461940563153928,3.997571417263339,-0.0029182462810285552,7.813882223674303,5.5459626759097205
44.884001894764346,0.4656601767883158,-0.0007304606614137079,6.514338225187047,3.9937270443808943,-0.004615602048514777,7.286024713115052,5.578972812522012
45.14261591093205,0.46536728745099465,-0.0017992537558538704,6.602674619169841,3.989188924081708,-0.005896991044918111,6.998254874616724,5.614279204263906
45.40085657272018,0.46475158837465746,-0.003240208394902055,6.719331766681425,3.9807589015741396,-0.007592123665990257,6.858850689781839,5.650962837457952
45.65885247818704,0.46368511545501573,-0.005166517236879243,6.857011448318131,3.7210581484513257,-0.027300180131885954,6.8190247967563895,5.688339480063656
45.916845688262164,0.46141362763284216,-0.012278013238187849,6.999999520881363,-0.34779068852145895,-0.07102643689444078,6.842603790630417,5.725927402200545
46.17503811812417,0.455663830618218,-0.03112840181077479,6.999999609546184,-0.5008786142171571,-0.0012161559238561233,6.775689711735532,5.763777856943524
46.433488741545,0.44729550401094753,-0.031453697896239634,6.99999961128102,-0.5525348992735486,0.07053763787416166,6.75793725194981,5.801989115973891
46.692044896623536,0.44140226967232216,-0.012509368809447502,6.999999611397776,-0.5105341264370473,0.07054416477267507,6.781146562641894,5.840292679335153
46.95057026675916,0.4405829353133845,0.006379008543324536,6.99999960896993,-0.3854644523571246,0.061308279773700264,6.834054229041028,5.878479568609752
47.20910538363319,0.44443578159688996,0.022665593984124988,6.999999604500919,-0.1941355441619038,0.026033620116093743,6.912993343637329,5.91638210642748
47.467663443266375,0.45127555973525546,0.029495407719740536,6.999999598325855,0.03905378222628245,-0.0037557320270117365,7.014615800185323,5.953851628293651
47.72619371726263,0.45877166280279147,0.028524799775330734,6.999999590912546,0.2831119391781547,-0.05412096295156798,7.129437489784164,5.990770565229426
47.98468014526148,0.4642719829167288,0.014753500155996756,6.9999995832813795,0.5035920677822172,-0.07061198637738031,7.241094234636429,6.027085651484982
48.2431177947681,0.465749095320833,-0.0029513976802392427,6.9999995765194445,0.6675659314860628,0.02415120730541477,7.3253378910133184,6.062845390158207
48.5015258245457,0.4657584182424134,0.0030267401837454255,6.999999572428498,0.7497816292883953,-0.06788333110219744,7.3675195141087455,6.098199883416916
48.75993163928294,0.4644447982925973,-0.013703442531423445,6.999999571999494,0.7383972002889707,-0.07005728275344854,7.359920331855555,6.133353637424192
49.018413795397834,0.45893789423354886,-0.030995493223708592,6.99999957350815,0.6379787957544536,-0.07037012662316601,7.302064527049914,6.168556977727386
49.27696248795942,0.449064018501704,-0.04850830038571097,6.999999578520897,0.4681706409828772,-0.07076243278710159,7.208258874173955,6.2040507142429915
49.53553632876642,0.434614711011734,-0.06635182875333559,6.999999585775566,0.2583847902290233,-0.06418253039342117,7.098473781202473,6.240013575203176
49.7940988631716,0.41557133659965223,-0.08278120989525482,6.999999593041163,0.04041950571863363,-0.0015469370048771982,6.99280860250503,6.2765317814818244
50.05261098572905,0.39408150532125,-0.08318228153557056,6.999999599060213,-0.15879233628461342,0.017853147371844184,6.913987783849718,6.313570074598431
50.31106115727277,0.3729166008088276,-0.07850265451615346,6.999999603190853,-0.3224318313112153,0.06819720945041101,6.860595704788366,6.351011492719686
50.56948329825243,0.354589771924916,-0.06047360831699058,6.99999960552895,-0.4455017478356008,0.07080933334921492,6.833002097098006,6.388719546644605
50.82791921457601,0.34105843433851285,-0.041673674030538864,6.999999606759481,-0.5322174860334872,0.07065350010809895,6.81714635844489,6.426584821561944
51.086389288850434,0.3324843912705508,-0.022866442762422907,6.999999607631709,-0.5899236239427288,0.0705160329661306,6.807425170737753,6.464548621071128
51.34487663793217,0.32890005158287117,-0.004062642856250773,6.999999608452043,-0.6221576199289438,0.07043049980046423,6.8011276895742485,6.502579735544759
51.60337000917677,0.33032351912278735,0.014742870913914491,6.999999609234595,-0.6241609672665827,0.0704243953727705,6.798984455209332,6.540660660200709
51.86187132274257,0.33676534233545613,0.033560095112940655,6.999999609671679,-0.5832133657746823,0.0705313881407896,6.805119892346594,6.578768612201711
52.120363803292214,0.34822011259628743,0.05239588487766295,6.999999609154325,-0.4840652224659453,0.0707527565610755,6.826021357604419,6.616856105601907
52.37887568198228,0.36464464650404516,0.07123829503360303,6.999999606996078,-0.3173115007854308,0.07094406308726038,6.868709240750027,6.654837380560977
52.63742971079765,0.38592658273910296,0.09001638260652525,6.999999602775847,-0.08699351753205391,-0.002394982734556705,6.938380918526841,6.692586586448043
52.89599603497058,0.40933572843657634,0.08939054425345085,6.999999596036363,0.1859031757317791,-0.07117575068013507,7.04867694734117,6.729916840188688
53.154512582502846,0.42992666915025923,0.07107295419740466,6.999999587817501,0.465393583219957,-0.07080981670074497,7.187779907649135,6.766620047728094
53.41294822950838,0.4455707735208325,0.05320417129705206,6.999999579182529,0.7072136082746986,-0.07017919270506394,7.319595347284976,6.802609628053992
53.67131761355106,0.45657908894150584,0.03581204049150447,6.999999571049538,0.8686043713329863,-0.0696040878006072,7.4156465445465924,6.83795500412211
53.92965363161029,0.46324633358750733,0.018781342619469992,6.999999565033839,0.9188467506284965,-0.06939738664459397,7.451896097914175,6.872852763583878
54.18803304754381,0.46575827359210514,0.001877113003515054,6.999999564953724,0.8475004894888026,-0.06968148211611748,7.418305842746437,6.907594880904998
54.44653993825001,0.46413260780867843,-0.015180677764561609,6.999999569817226,0.667340964803851,-0.07029663299220204,7.323229827377635,6.942509208781046
54.70512685190906,0.45821420390599216,-0.03261907349402122,6.999999577690921,0.4109909748286128,-0.07089803083528418,7.1897012311811705,6.977889205881488
54.96372135303815,0.447726798259385,-0.05053733864858099,6.999999587924666,0.12312974960665776,-0.06520474225380973,7.0465574540318805,7.013933394390183
55.22226256826989,0.43256266193241216,-0.06734647473503577,6.999999597117194,-0.14871808841587517,0.03313927861422976,6.920531522542853,7.05070834465434
55.48072707293731,0.41607633590616255,-0.058666264449797695,6.999999603760728,-0.3629604916597674,0.04829647919806251,6.840381321939826,7.088113387599283
55.73909537911931,0.402240852740587,-0.04586569555307599,6.999999607724092,-0.4916621666236926,0.0694054169144598,6.800507580361759,7.125947010334294
55.997397117140785,0.3924917571083427,-0.027347442830336483,6.9999996092445445,-0.5262421984835463,0.06995985321802702,6.796831256569104,7.164001902040512
56.25575816679634,0.38769140829183313,-0.008664591934189987,6.999999608791396,-0.47907008636747617,0.06820293873684391,6.818812944786438,7.2020897906127725
56.51422248498404,0.3878018356098577,0.009495351289147127,6.999999606920841,-0.37918125091045857,0.05299147868707462,6.8556688039542815,7.240068417328916
56.772737449100134,0.39216818133815234,0.023523996552003434,6.999999604353075,-0.26267251231596167,0.03695881410997089,6.896573115923764,7.277852153442464
57.03125966844176,0.39963053716721453,0.03324613713124506,6.999999601757397,-0.16082742070818407,0.02268180405456815,6.932479805534845,7.315414096361687
57.28977484567756,0.4091002566523536,0.03917977172267078,6.99999959964816,-0.08968716119075967,0.012804426072567723,6.958155898886895,7.3527795881835445
57.548241101359984,0.4197412333560398,0.04251645013343273,6.999999598170552,-0.04384618407214389,0.005026562943538171,6.975334592859848,7.390004397656909
57.80671879394097,0.43095812936415046,0.04382293224361477,6.999999596876933,0.00408031078417125,0.0020181715363065712,6.995036321096974,7.427134886695646
58.06536043867968,0.44237967202421224,0.04434597675151672,6.999999594747634,0.09843054814825744,-0.012739092177897727,7.036890956797436,7.464158769705621
58.32420535471423,0.45337653837709435,0.04106440061272214,6.999999590092278,0.292117687589257,-0.07058751511621701,7.128978102541812,7.500956624078727
58.583177953003066,0.46152845341805104,0.023093498623277975,6.99999958117654,0.638808151590888,-0.07033632352456308,7.305843050701833,7.53726625404033
58.84208840521418,0.4650892063971868,0.005617638304835484,6.999999564823206,1.188633656647278,-0.023567897998524944,7.600102967860452,7.572702187626865
59.100729802721695,0.4657585896638788,-4.582129391603104e-06,6.999999539795668,1.9848939285228213,3.64127465818297e-05,8.06515543815286,7.606775047541623
59.35885861395044,0.46575847958149996,3.6026526660444433e-06,6.999999500361546,3.0500522180082617,-2.5241341327560774e-05,8.782273817233783,7.6388861835881405
59.616234931312356,0.46575868547837,-1.6077561631947564e-06,7.000000006739948,3.999994668756755,1.6905752800142035e-05,9.845226455254023,7.668375271937039
59.87259663362361,0.46575867603766424,1.5052160657525618e-06,6.991034673269687,3.99999337543412,-1.5083315868600882e-05,11.24982238705691,7.694697439659237
60.127400974204875,0.4657587229454513,-9.222935902526127e-07,6.952562297548623,3.9999919265269916,1.2469742207879455e-05,12.60697262094261,7.717782077297011
60.38092881433974,0.4657587184033888,8.586901479639908e-07,6.897524055988109,3.9999908401838025,-1.168941408563664e-05,13.079103055823836,7.738406685453303
60.63502577597598,0.4657587266563689,-7.378372226606594e-07,6.838476210647095,3.999990516249147,8.675852951418082e-06,12.224114840125822,7.758293242914508
60.89176234194441,0.4657587108128445,5.191257956667512e-07,6.786497917987927,3.999990509775261,-7.387523015339451e-06,10.723640940113365,7.779560436408834
61.15072172163424,0.46575869667313013,-6.916693736106286e-07,6.754135094953237,3.9999900850405754,4.9150896603799205e-06,9.369690136276716,7.803768840608356
61.41035436333772,0.46575865319777726,2.2591150270007425e-07,6.752817125207939,3.9999885313256125,-4.556958618846539e-06,8.414399365668594,7.831411871443125
61.66982088845108,0.4657586017263065,-7.212092147552687e-07,6.787495471159957,3.999984424361353,1.4401769800258836e-06,7.814781124552794,7.86211121886719
61.92879251955221,0.46575847593369085,-3.972599562816166e-07,6.855903478343528,3.9999707471394506,-1.8203895867559442e-06,7.473389814837475,7.895084727744392
62.18728076365027,0.4657583301748747,-8.297536591218892e-07,6.951411062186857,2.116055253449433,-8.284538623047174e-06,7.312389718052671,7.929498570259669
62.445434353793246,0.465757874817976,-2.8693788116338728e-06,6.999999578150075,0.44274464107606604,1.6194941397715815e-05,7.212470450936907,7.964791926759054
62.70345553996953,0.46575766517448935,1.2012521808549178e-06,6.999999583664931,0.31279277985971904,-3.363526535199875e-05,7.148781680390758,8.000699358203018
62.961577490291546,0.46575688828399503,-7.3283587981290334e-06,6.999999585645759,0.32204818766315263,8.27075952719413e-05,7.153280277461938,8.036926690237701
63.21994846656596,0.4657576871035807,1.363237825724397e-05,6.999999583529829,0.44005834535908306,-0.00010531033018454543,7.211142492133977,8.073131239154138
63.47851743793959,0.4657577863959174,-1.2842457683067708e-05,6.999999578251821,0.6355676950860735,0.00011712991616769884,7.309091361445283,8.109045281260753
63.737121060874955,0.4657582039208002,1.6209195810612147e-05,6.9999995707123475,0.8771384004856297,-0.00013024272166441058,7.433854786944741,8.144478043295246
63.99575165622002,0.4657582839754612,-1.5552651055140432e-05,6.999999561835621,1.1340855667613647,0.00013491083911215213,7.571320487774891,8.179316127854674
64.2544902606198,0.4657584273525131,1.6750259456049795e-05,6.999999552603585,1.377796431823128,-0.0001415165436353483,7.706486723298022,8.213521694997194
64.51336179453077,0.46575845208376526,-1.65399948353747e-05,6.999999544027359,1.5836491520497429,0.00014500609087880105,7.824473384898076,8.247127312870688
64.77237979507446,0.4657585119513268,1.705678021797424e-05,6.999999537045852,1.733251121123477,-0.00014900021100897406,7.912511742124327,8.280226195446188
65.03140968661661,0.4657585091447675,-1.7081279438347954e-05,6.9999995323798805,1.8162480961390066,0.00015108404975759998,7.962213840014157,8.312956793075811
65.29048637375553,0.4657585361107635,1.731815149132468e-05,6.9999995304011025,1.8309461572867198,-0.00015315143426293597,7.971080835475987,8.345483090312326
65.54959810668895,0.46575851393220347,-1.751318725095724e-05,6.999999531080771,1.7833737057998522,0.00015382823089065477,7.9424526653512455,8.377973193021612
65.80872952151971,0.46575852363339,1.7598191965087204e-05,6.999999534046338,1.684997679710661,-0.00015470446795683284,7.883899574501644,8.410580417215222
66.06781894399991,0.4657584802612087,-1.797543048166435e-05,6.999999538718188,1.5498542604320649,0.00015471108278991777,7.804856065420147,8.443429800474647
66.32674206173031,0.46575847847056445,1.7960012137072642e-05,6.9999995444632,1.3919922551115302,-0.00015556818861325568,7.714508686635717,8.476611876784048
66.5855823480755,0.46575840354545495,-1.8597687040913735e-05,6.99999955071022,1.2237799245063283,0.00015600172470215133,7.620511373552142,8.510182549528603
66.84431376951662,0.4657583936017859,1.8514089342698037e-05,6.9999995570073335,1.0551787672078397,-0.00015829983760497053,7.528567730958717,8.54416731889912
67.10287935760334,0.4657582623420836,-1.9604292480117278e-05,6.99999956302846,0.8938214345572015,0.00016060449836939519,7.442628262191132,8.578567123072764
67.36128765515141,0.4657582515421333,1.951561534799311e-05,6.999999568549695,0.7455692275870237,-0.00016656973427689464,7.365380275150523,8.613364146920205
67.61955894535974,0.46575800944439966,-2.1482819961083263e-05,6.999999573416602,0.6151066599948738,0.0001736531831892772,7.2987160168159635,8.64852611472957
67.87769901897389,0.46575803014330597,2.1649489959144646e-05,6.999999577521077,0.5061438942406138,-0.00018738633307308563,7.243955887102535,8.684009247020171
68.13573432325185,0.46575758014784285,-2.5245720764853898e-05,6.999999580798059,0.4209833981425017,0.00020589733543115483,7.201726299408732,8.71976060642935
68.39382423711037,0.46575774861349867,2.65841997664267e-05,6.99999958324288,0.359560844324552,-0.00023304243049299497,7.171572525126246,8.755721609438906
68.65205608332701,0.46575702295197635,-3.2325524483828404e-05,6.999999584936735,0.31854703850448757,0.000270347175291847,7.151577798557205,8.791833811078604
68.91037740422605,0.4657575147071895,3.6205369840745285e-05,6.999999586057692,0.2913958485168345,-0.0003150974874998363,7.138402814441599,8.828046980649516
69.16872443093287,0.4657565482088649,-4.381679145176736e-05,6.999999586854219,0.26994834009460233,0.00036897493634343497,7.128029379727188,8.864326983118687
69.42707502708167,0.4657573376068793,5.002446805332124e-05,6.999999587572855,0.2474274935577646,-0.00043548095661865964,7.117169714028471,8.90065978807838
69.68541747133229,0.4657559524829702,-6.090022701815348e-05,6.999999588355971,0.2218711534865589,0.0005115383110393048,7.104885762392763,8.93704802664634
69.94368013369827,0.4657570653155367,6.962291816656358e-05,6.999999589148901,0.19858583331494278,-0.0006044208939953474,7.093730814726833,8.97349918321563
70.20189717785276,0.4657551205664746,-8.484247141637878e-05,6.999999589662972,0.1902159550208931,0.0007197013123225822,7.08972926789275,9.010007654468943
70.46006561512849,0.46575695463594036,9.918775034412258e-05,6.99999958941978,0.21373046912404065,-0.0007988680508309755,7.10098209174604,9.04653673706524
70.71815951754581,0.4657562430942466,-0.0001047619487887491,6.999999587876992,0.2849323620967319,0.0008669957783562291,7.135273194464416,9.083007925002352
70.97625848288617,0.4657576093671615,0.00011551697802019904,6.999999584605545,0.41227012434440885,-0.0009143597665720047,7.197433387661955,9.119303848092704
71.2343268400214,0.46575770100559805,-0.00011478933384669852,6.99999957946152,0.5920548120016169,0.0009378146624507576,7.287062094778823,9.155286287055597
71.49230349353566,0.46575816500367895,0.00011851953353539327,6.999999572702982,0.8066433988573279,-0.0009651341757367049,7.397008458412781,9.190826177589672
71.75017364516899,0.4657582266096669,-0.00011801679415839073,6.999999565052559,1.0262168517566663,0.000983821991840579,7.512996664029296,9.225837781566629
72.00824212112275,0.4657583907712787,0.00011937744936169917,6.999999557665535,1.2139342197844327,-0.0010028982464875135,7.615080625850573,9.260308910312226
72.26600502773236,0.4657583910183263,-0.00011937537387894095,6.99999955195227,1.333632465014329,0.0010140031054791275,7.681635566908275,9.294317880844105
72.52334716758455,0.4657584564708334,0.00011993005472213282,6.999999549229789,1.3585511276257738,-0.001020132430104438,7.695637531177317,9.328032255182208
72.78100540271427,0.4657584030752951,-0.00012038338383806158,6.999999550290323,1.2786567343167525,0.0010166639345328113,7.650923800852989,9.361685220727669
73.03910391425116,0.465758418445448,0.00012051311827114498,6.999999555087165,1.1039360269491056,-0.0010101244109923088,7.554927755991379,9.395534927783284
73.29766541268275,0.4657582550874918,-0.00012187467131040708,6.9999995627279175,0.8624379781288517,0.0009970267217257111,7.426140647756805,9.429814682941185
73.5565180046847,0.4657582117539231,0.00012151965283985055,6.999999571776137,0.5940089256779807,-0.0010001976446909673,7.288048643070828,9.464688982301729
73.8155436105036,0.4657574959548469,-0.00012727492921930374,6.999999580674684,0.3417848268792506,0.0010010707328684178,7.1628926657447485,9.500224032438673
74.07462552508765,0.46575734574686317,0.00012608794499782263,6.999999588115028,0.143280966301794,-0.0017215706010480659,7.06737596097798,9.536380005424958
74.33368689446814,0.4657330503605298,-0.0003155165590378148,6.999999593061157,0.022561409472534873,0.0004085586003513765,7.010522596437983,9.57302462461489
74.5922543701011,0.46566512030436136,-0.0002098663334951692,6.999999596084212,-0.014839669021290917,0.0011168023163813246,6.99309594480549,9.60996642288982
74.8504949726773,0.465648241888823,7.9650203782352e-05,6.999999595771138,0.017580298972066505,0.002425860522637779,7.008195414405567,9.647000273832813
75.10894309630604,0.46575000848169207,0.0007071691909700298,6.999999594120053,0.09236253753622524,-0.005341979229957241,7.043281715429693,9.683954335329842
75.36744116399218,0.4657550732844708,-0.00066781404834072,6.999999591555863,0.17755051345812922,0.005269251163722787,7.083681700294111,9.720724287356266
75.62592268936426,0.46575672419003167,0.0006807156804395804,6.99999958907539,0.24652836707902193,-0.005341551433076914,7.1167350672629475,9.757284573903215
75.88437524983884,0.4657568196391761,-0.0006799662747470818,6.999999587354485,0.28371725451156427,0.005368083035896894,7.134683738052916,9.7936749937274
76.14284407548608,0.465757336849671,0.0006840373135529113,6.999999586724971,0.2854501110044799,-0.005406284300173098,7.135522402110036,9.829973946997493
76.40133478510865,0.4657566418398277,-0.0006895084928780776,6.999999587139792,0.2587438439599893,0.005436053565229822,7.122620610551282,9.866268547588643
76.65984547088976,0.46575722688196336,0.0006941056588801842,6.999999588232108,0.21875330987597563,-0.005508883790548892,7.103388663132591,9.902628974655117
76.91836376443486,0.46575496395098004,-0.0007118394254254645,6.99999958944425,0.1841056828985511,0.005626885459974218,7.086809338336957,9.939087772010312
77.17688372117371,0.4657569777575515,0.0007275840340238581,6.999999590193456,0.17217005885858958,-0.005980488900195881,7.081122648894528,9.975631925264826
