x_m,y_m,psi_rad,v_mps
0.44949058920607743,-7.039884845083968,-0.029773047806434912,6.99999910994903
0.7079694418214063,-7.0473647907674,-0.02822302402816886,6.999999588377562
0.9661709707706075,-7.05491862271036,-0.029546680111351215,6.999999585081832
1.2224590716181496,-7.062115508359227,-0.023222296775780405,6.999999579881801
1.4745571490963425,-7.067224540594307,-0.011384270905281194,6.99999957277848
1.7207545213330198,-7.067456300885167,0.016964056130914253,6.999999564030375
1.9596466018422352,-7.0596865576792345,0.05728544893678632,6.999999554134086
2.189843580874466,-7.040536237659297,0.11860805256577375,6.999999543789557
2.4113087673600955,-7.006758344853608,0.19142564062791037,6.999999533947807
2.625164809331404,-6.956114004076427,0.27736898580585956,6.99999952576274
2.8324206386251305,-6.887427774647003,0.36316574207654534,6.999999520339994
3.0338644004883175,-6.80026513200769,0.45019148717532376,6.99999951834503
3.2274818185494096,-6.696955485930042,0.5337703698142366,6.999999519761519
3.413191987368889,-6.575434713524793,0.6170424341090196,6.999999523924977
3.5944822437404347,-6.436522983528001,0.6832512584441547,6.999999529775616
3.7705988886622346,-6.2834992963084355,0.7413874197193767,6.999999536179567
3.941454350952426,-6.119126035297005,0.7871305038880247,6.999999542169743
4.106090307063246,-5.946079264672626,0.8318736076120384,6.999999547073882
4.263929413758168,-5.7657850127494665,0.870607132435729,6.999999550519411
4.414510752049052,-5.579328058211855,0.9120635964792237,6.999999552381617
4.557307827235941,-5.38752497372559,0.9501848545610826,6.99999955268902
4.69152461833016,-5.191099327284517,0.9940730491323715,6.999999551521575
4.815632913350488,-4.991398929370483,1.0387766529589473,6.999999548905917
4.929432156253685,-4.786108122908818,1.0886437611923956,6.999999544720369
5.033802155688736,-4.575610335505844,1.1370000848640367,6.999999538627457
5.124967963634047,-4.363396777903887,1.1970579024274848,6.999999530024447
5.201957396897972,-4.148513281840965,1.2593276385887138,6.999999518015707
5.263529934488979,-3.932347574689479,1.332876478294406,6.999999501339884
5.3072040903587006,-3.7185187647209887,1.4165403972258344,6.999999478222433
5.329530816329217,-3.5113270381916672,1.5251711728068194,6.999999937544088
5.327431515056658,-3.3147213881156325,1.6551166523978407,7.000000004463859
5.299432967738069,-3.133054037787468,1.8118635119124613,6.977123271426217
5.2446114942226965,-2.9695763406661597,1.9909415647529436,6.926365673601995
5.164541242980412,-2.8275736091808676,2.189931711860277,6.850972995688755
5.063487463714302,-2.713540284645499,2.412578191304767,6.762906504723522
4.951089283304779,-2.635070144565789,2.6701568702446066,6.682974500609221
4.843289279718358,-2.5978255023044405,2.979047229655105,6.630668663102022
4.747851405546512,-2.5991961391408096,-2.9528338379768755,6.597963484340478
4.657093769695019,-2.6376037004962503,-2.606384302907795,6.547394845067587
4.564291287000784,-2.7207058877698014,-2.315988344254428,6.46248883926428
4.473914925447039,-2.8532328163188834,-2.1047739281200224,6.368411866061041
4.39070689602873,-3.0316968787861818,-1.973734634896459,6.298928102994346
4.313170051864298,-3.2455251391318036,-1.9130364559141146,6.273207109633779
4.233846512969084,-3.4842120425987493,-1.9094815343741693,6.296274163646521
4.143170871279903,-3.738173007701212,-1.9506181677041283,6.365589247788978
4.032411671907482,-3.997460725248851,-2.0259845982058633,6.475199125322076
3.8955780453362996,-4.251425095820802,-2.123766250108319,6.616984185555249
3.7315622848101793,-4.490636352914626,-2.2340602889130823,6.779888596342637
3.5418165100508676,-4.707855122454756,-2.350024319221703,6.943750433881012
3.3307171115225835,-4.898262708641094,-2.4647915567993617,6.999999612543634
3.106402659664507,-5.063713292125119,-2.5428801061241533,6.972878004531833
2.8749469267333883,-5.208623408752635,-2.6178216294734646,6.95484704905632
2.6373342168799994,-5.333753108930447,-2.698066454616385,6.944571255561398
2.3939092861443605,-5.436495422364866,-2.792342939793076,6.942849736079289
2.1457553200868293,-5.512466467316217,-2.9065402778522675,6.949945698243098
1.895367419634005,-5.555888775726611,-3.0433465589925675,6.9642631705523
1.647263852234004,-5.561702942027143,3.0859312195066395,6.981691502924063
1.4058800789079138,-5.528568203003577,2.9297902800537865,6.99598038729621
1.174223125895615,-5.459731433917831,2.788257661206642,6.999999927638999
0.952668694365918,-5.361552245495473,2.6758748492270175,6.999999898456573
0.7394117607502979,-5.241673847355823,2.5956659216628313,6.999999829492676
0.5317490395566682,-5.106484508570033,2.544880994260581,6.999999773484074
0.3263789703656972,-4.961746981963654,2.5204668453728165,6.999999727109895
0.11967387153282516,-4.812150385320525,2.5194174473740074,6.9999996876932515
-0.09154846677751394,-4.66240846134113,2.538495017367505,6.999999653187977
-0.30993358209758526,-4.516533234523214,2.5758363122650305,6.999999621987058
-0.5383353130881128,-4.378886834539771,2.6320160530999375,6.9999995934851515
-0.7789384381361701,-4.254632005146743,2.7085004980891254,6.999999569042488
-1.0325588996197756,-4.147490885691679,2.7874061422763083,6.99999967538362
-1.2976865439847993,-4.060857666964724,2.8743968909877724,6.999999680066524
-1.5716812949974346,-4.000027793917655,2.9730390290062823,6.999999664626506
-1.849889435952935,-3.966801896159404,3.06851447236468,6.999999628068981
-2.1284336379137114,-3.9590814624331943,-3.13039524134322,6.999999584514038
-2.4047885587198765,-3.9727555241347092,-3.061324999443211,6.999999556229602
-2.677246537513498,-4.002876513044792,-3.010641629575767,6.9999995514497515
-2.9452187586756056,-4.043488948735125,-2.979689119155021,6.999999562441389
-3.2090176161279595,-4.089219854375797,-2.9672611972029204,6.999999579044099
-3.469397216183893,-4.135308215172373,-2.97079801466083,6.999999594662779
-3.7258233727930055,-4.178226924551176,-2.9886195664455517,6.999999584359667
-3.974771352835891,-4.217174424976617,-2.9939348586958086,6.9999995465717975
-4.213657680172065,-4.249872415663958,-3.025544965668972,6.9999995032348625
-4.443229282763913,-4.2707550082577885,-3.0810421564438015,6.999999462704415
-4.664853985015421,-4.276271765939567,3.127899187020863,6.999999439759698
-4.879645802597207,-4.26402113113954,3.0404380682430467,6.999999451515353
-5.088035842610428,-4.232781538245653,2.9445192562527356,6.99999949851728
-5.289620016236117,-4.181808407323916,2.84359826782141,6.999999554971229
-5.486082402047803,-4.110049910014885,2.746118793156992,6.999999595000251
-5.679937965354513,-4.018248699318322,2.660980277732111,6.999999574589218
-5.871826564462711,-3.9084020768825085,2.5907659355862123,6.999999520354284
-6.059961761799602,-3.78103889884459,2.5094418698690313,6.999999522090231
-6.244009535587244,-3.6386778107030127,2.4631640889592834,6.999999532000948
-6.423921320587263,-3.48418501804276,2.4058230050796325,6.999999540531763
-6.59893871752394,-3.320057212938673,2.3729629999399093,6.9999995471868806
-6.768077328916548,-3.1489379353212104,2.328017603142911,6.999999551848694
-6.9300781230905395,-2.9714154313143433,2.2929772384432505,6.999999554495169
-7.085180770924879,-2.787960781640973,2.252891751060784,6.999999555149752
-7.233354768032324,-2.5984568977777713,2.2159321153339477,6.999999553677707
-7.37418169146755,-2.4037958455440447,2.1774541494233346,6.999999552577506
-7.506469615647029,-2.205027194857691,2.13604087479448,6.922122813846175
-7.62823365565205,-2.003522624547635,2.0874530558244926,6.841625685014042
-7.736498538575787,-1.800738936948271,2.027335195848316,6.772345293800259
-7.828031537798813,-1.5978463026370093,1.9514951257622257,6.718658932797235
-7.89892503360523,-1.3970351429632328,1.855788918703686,6.684928310757699
-7.945326563279467,-1.2023550484887136,1.7330628365375642,6.674596890338939
-7.963015431022749,-1.0200886852610407,1.5743493809644509,6.6887707044751865
-7.949735192132918,-0.8555047654409499,1.3771168899359816,6.724820634549414
-7.906442216738535,-0.7133587977526212,1.1444346861987298,6.776417399432657
-7.8345051247777775,-0.5953292844735987,0.8879606709231675,6.835764814065477
-7.730987203276881,-0.4986825744729665,0.6370873545958692,6.895648926215371
-7.5907977553495805,-0.4201098358597998,0.4248255231403594,6.948635768012922
-7.416486840337131,-0.36115262969765016,0.2622642638664637,6.986070630207235
-7.216029757119385,-0.322457597217257,0.14359692253452128,7.000000017370027
-6.997396824416637,-0.30150668073819187,0.0659082792007431,6.999999535021902
-6.76560284488944,-0.2933305309306742,0.02009607916848993,6.999999551338444
-6.525229641344897,-0.29261929034617395,-0.0044653325298571675,6.999999569442824
-6.279237852965069,-0.29610809522176673,-0.015308282861259521,6.999999580750277
-6.027775677258136,-0.3008013669721574,-0.013770082078388854,6.999999588340697
-5.769863495992443,-0.30370318180606404,0.002036984303946887,6.9999995942034055
-5.506809854232536,-0.300434513661763,0.029319973160220322,6.999999599376833
-5.241789406239308,-0.2889023260088983,0.061527361235395185,6.999999604305917
-4.975593910083129,-0.26817354517747205,0.09872612055791989,6.999999608430385
-4.70818131967205,-0.24156336212313256,0.10596047353611425,6.999999609581552
-4.440404247000221,-0.2118084043062325,0.12088760621930095,6.999999608601782
-4.1740097022347245,-0.17726718682567721,0.13807575519769807,6.999999606719421
-3.9103992432345063,-0.13860009936571238,0.1507552989428123,6.999999604450836
-3.649505688482547,-0.09780315109265203,0.15625532906572875,6.999999602150698
-3.390799765724392,-0.056793298464242525,0.15378281581150277,6.999999599842432
-3.134420463839689,-0.016400856943789677,0.15171920671839667,6.999999597474291
-2.8804106054211194,0.021929034740821862,0.1404366587466031,6.999999595293424
-2.627612040605761,0.056800148671722894,0.1304278359186849,6.999999593363467
-2.3747112429551884,0.08963566859048555,0.12742234704966768,6.999999591744698
-2.1211275877401703,0.12183246343521859,0.125084870877845,6.9999995908664205
-1.8666764930959237,0.15361350104039673,0.12381863714839203,6.999999591035678
-1.6116562600186972,0.18531054512670053,0.1200902316807674,6.999999592356899
-1.355701787284852,0.21537006496369493,0.11330271518440652,6.99999959479915
-1.0983928055939867,0.24385867645876047,0.10261578256754472,6.999999598120131
-0.8391862456305579,0.26874462276733624,0.08471137978455331,6.999999601749224
-0.5772980610791709,0.2882302859799317,0.06495961345543122,6.999999604849172
-0.3130860822366479,0.3029471245697053,0.05389585286669615,6.999999606411338
-0.048601264576461745,0.3149214409690444,0.04636370784758473,6.999999604807654
0.21319108540362786,0.32449729728269006,0.033958610028139546,6.999999601460574
0.47015655310669136,0.33332672614821135,0.039454445128271454,6.999999596473987
0.721313268564293,0.345742094812886,0.061086653071833155,6.999999589889403
0.9655279261173406,0.3652080797565542,0.09860396029804601,6.999999581914147
1.2034074053559853,0.39540678017505115,0.14622826157098426,6.99999957434677
1.4395307552552383,0.43706254498287933,0.18813945630400494,6.999999570267304
1.6783223867539685,0.48724789916759903,0.21360538232118487,6.999999572034042
1.9225927338440805,0.5423821619293037,0.2190440583237954,6.999999579234665
2.1742751426643565,0.5974970061114675,0.20404556231756119,6.999999588868982
2.4340954087547457,0.6477177656638844,0.1707414244020987,6.999999597338666
2.702456042323398,0.6887248099854055,0.125632427562538,6.999999602680889
2.9756712210295175,0.7198821304210341,0.10252549370861644,6.999999605467448
3.247825313279279,0.7438491810971151,0.07964301398923429,6.999999605270286
3.5155238030622167,0.7623858202867382,0.06737803802808798,6.999999601728779
3.778100821293953,0.778788454373057,0.06369977122471901,6.999999594456491
4.034873654025876,0.7924594288509414,0.05150739560918294,6.9999995834644775
4.283084831949236,0.8046185195253752,0.05661150720337965,6.999999568405382
4.521779746055074,0.8199853218962292,0.08196464060337856,6.999999549033157
4.7500319939698485,0.8444798744367339,0.1441906094043336,6.9999995268979385
4.965238726788001,0.8835723410681484,0.2295679013780555,6.999999498748619
5.1636972346457295,0.9399027199580419,0.3413872458664929,6.999999463035973
5.34258133425864,1.0160980703539797,0.4783809915933002,7.000000020211125
5.501261169634963,1.1136244764349135,0.6327495592252175,6.984536420218757
5.636903079003461,1.230526509461817,0.8022397449208585,6.94515104171158
5.743420284155998,1.3615439494694332,0.9928688764104071,6.88465737421833
5.814604287906962,1.497196473415361,1.2165213501867596,6.811815998398397
5.8461583860757695,1.6232512812100526,1.4888858085016508,6.744001127134378
5.840701365220801,1.729275744291236,1.8125922324624992,6.698025167222414
5.804068484874716,1.8138452323650947,2.1670994968054345,6.666139477153947
5.732573677355047,1.8843352042689663,2.5065273618812176,6.618924957945952
5.615452494204576,1.941924197969154,2.7838112078213584,6.5499025326966
5.451170828414097,1.9801479894988878,2.980572716359765,6.48511825220168
5.249786116137556,1.9958400100709988,3.104718408767782,6.451898442028357
5.023479890019167,1.9935248384590993,-3.1076617587557736,6.461940563153928
4.782931197075987,1.979213947622834,-3.06991391263609,6.514338225187047
4.533664723798422,1.9581088623748242,-3.0532185740162863,6.602674619169841
4.277472769854112,1.9343502920483324,-3.0530137780448814,6.719331766681425
4.0144718296124005,1.9120303269646115,-3.0678907327221316,6.857011448318131
3.745628557869694,1.8957636644462426,-3.0993342108407966,6.999999520881363
3.474158413565946,1.8906161486160222,3.1364423135963544,6.999999609546184
3.201877389643665,1.8957731231364132,3.1059516948710426,6.99999961128102
2.928016730450899,1.9072244035622674,3.0901112861103037,6.999999611397776
2.65464037005443,1.923823940900764,3.074248346019372,6.99999960896993
2.386391890645366,1.9440416974520502,3.0669995852337757,6.999999604500919
2.1248402100260506,1.9646645792694528,3.065457937318549,6.999999598325855
1.86985860561346,1.9843841647800247,3.0707504558947534,6.999999590912546
1.6219230049356812,2.001842052269879,3.0785672005830973,6.9999995832813795
1.380019732179107,2.0157364320415274,3.095604802266943,6.9999995765194445
1.1433870420885723,2.021190271233083,-3.134857173781431,6.999999572428498
0.9082582725393968,2.015366563687448,-3.101423786645898,6.999999571999494
0.6691939953183619,2.002260947048006,-3.0771173293675047,6.99999957350815
0.4247720740521226,1.9843195708182524,-3.0644768511697817,6.999999578520897
0.1744108543484426,1.9641492125514084,-3.064712978409374,6.999999585775566
-0.08300401298676974,1.9448586773080478,-3.078713209276387,6.999999593041163
-0.34703267830854845,1.928652801812234,-3.0920694008390424,6.999999599060213
-0.6150097647749768,1.9169424017993677,-3.11082321992456,6.999999603190853
-0.8834101349309291,1.9095468225838772,-3.118696963795289,6.99999960552895
-1.1498246265057752,1.9041778816200203,-3.1218596728456935,6.999999606759481
-1.41477929870947,1.898997164421159,-3.1219651399924864,6.999999607631709
-1.6796543754800817,1.893819762179831,-3.1225204988752586,6.999999608452043
-1.944739974757907,1.888900125770414,-3.1237859706100615,6.999999609234595
-2.212074749942869,1.8843730782356474,-3.1312312557277795,6.999999609671679
-2.4832403496339355,1.8836066648448746,3.1346738012685575,6.999999609154325
-2.7556712723795185,1.8887643642643255,3.115889551043755,6.999999606996078
-3.024869088414089,1.898284130618194,3.1079780026686508,6.999999602775847
-3.2865737811032965,1.9095792002707697,3.101114132997109,6.999999596036363
-3.539116776154006,1.921116250417871,3.0980706908991773,6.999999587817501
-3.7831437132490606,1.9304631205193266,3.113689501470639,6.999999579182529
-4.019538279270314,1.9337409941080983,-3.13763395796497,6.999999571049538
-4.249977173722536,1.9279738248694187,-3.0937146107179347,6.999999565033839
-4.47989573174565,1.9111615771952577,-3.0501901076025137,6.999999564953724
-4.7151847067402395,1.8849921883993055,-3.0201531909777892,6.999999569817226
-4.9583976735163535,1.852665580874973,-3.0086992382438607,6.999999577690921
-5.210290504084501,1.818749347408243,-3.016505686758011,6.999999587924666
-5.470374213006661,1.787852953525352,-3.0401953934274633,6.999999597117194
-5.738179859131973,1.76103558128532,-3.055730837845185,6.999999603760728
-6.012881583072925,1.7397529588429954,-3.0841322375895923,6.999999607724092
-6.289620155923459,1.7276343677927954,-3.1120074910055133,6.9999996092445445
-6.561798892721126,1.7228468693162036,-3.1284452501446744,6.999999608791396
-6.82738145110314,1.7204164619721602,-3.1285442249157858,6.999999606920841
-7.088196857151115,1.7164419007476965,-3.1204034918557078,6.999999604353075
-7.345984728039703,1.7097925664112452,-3.1088028393147273,6.999999601757397
-7.60021038460519,1.6997652461404016,-3.092387968116344,6.99999959964816
-7.852820679716329,1.684616200652954,-3.0755161196414376,6.999999598170552
-8.109720248367083,1.6658593218953683,-3.0713065704359823,6.999999596876933
-8.37372284016367,1.6482158213961071,-3.0834837721107076,6.999999594747634
-8.640745108703012,1.6361696585609486,-3.1048974349477003,6.999999590092278
-8.905613112155281,1.6313550976040823,-3.135534209360659,6.99999958117654
-9.16509116185457,1.6333525141291565,3.1287586786207573,6.999999564823206
-9.415129423828885,1.6366021933811674,3.1411944044377593,6.999999539795668
-9.650437272987075,1.6333429140903728,-3.0936266911138453,6.999999500361546
-9.862871565408645,1.6166564577772624,-2.9989012812785907,7.000000006739948
-10.041018416679803,1.5812000278426939,-2.8379472237989427,6.991034673269687
-10.173394543084552,1.5273598624956193,-2.595211502694086,6.952562297548623
-10.262752805408487,1.455757840675739,-2.28883784263396,6.897524055988109
-10.323868517507329,1.354025249292967,-1.9876182626830396,6.838476210647095
-10.363659949425738,1.206601397548184,-1.7566696143322802,6.786497917987927
-10.380017110985065,1.016536041177733,-1.6074264896481152,6.754135094953237
-10.375243106340207,0.797186568984041,-1.520475352511812,6.752817125207939
-10.355833187201597,0.5608441238772823,-1.472891412549495,6.787495471159957
-10.327445875345408,0.3146414922616758,-1.4495244830059357,6.855903478343528
-10.294885878042322,0.061699701030171195,-1.4425626723870122,6.951411062186857
-10.261572852350747,-0.19618125022306954,-1.446833181736095,6.999999578150075
-10.230253726269254,-0.4571721555838528,-1.4572452360425339,6.999999583664931
-10.20205911632009,-0.7179912419382601,-1.4660517442850955,6.999999585645759
-10.17580306165505,-0.9749034757685908,-1.465487911781182,6.999999583529829
-10.148362829405556,-1.2263851401620518,-1.453354595964632,6.999999578251821
-10.117209138174346,-1.4722365734043272,-1.4301977129048031,6.9999995707123475
-10.079986435702507,-1.7109192516056848,-1.3933880253124733,6.999999561835621
-10.033531667958217,-1.9407362707431925,-1.3409263079647542,6.999999552603585
-9.974839246041544,-2.1618194447945682,-1.2757783991223184,6.999999544027359
-9.901738604943851,-2.375196959286307,-1.2033514090733577,6.999999537045852
-9.813445646170296,-2.5813641708358386,-1.1284822246627164,6.9999995323798805
-9.709769807855919,-2.7805048266514856,-1.0536013408296034,6.9999995304011025
-9.591041503116069,-2.9721906299273857,-0.9811765544904357,6.999999531080771
-9.457934979923161,-3.1566851241825047,-0.9127069127811693,6.999999534046338
-9.311345518890143,-3.3337315933050014,-0.8499468939014688,6.999999538718188
-9.152288728523738,-3.504253009345915,-0.7945416726074376,6.9999995444632
-8.982125291159884,-3.6687756839758525,-0.7469363485694868,6.99999955071022
-8.802367358238573,-3.8280136313391155,-0.707045042368789,6.9999995570073335
-8.614704701646154,-3.982561501185768,-0.6740186084977167,6.99999956302846
-8.42061941389806,-4.132850587931686,-0.646292238699852,6.999999568549695
-8.22125742841219,-4.279313172664434,-0.6230614539376759,6.999999573416602
-8.017233375334222,-4.4226332211510595,-0.604211670397105,6.999999577521077
-7.808727715799929,-4.56405936288372,-0.5912638689180364,6.999999580798059
-7.596424748918215,-4.705110593415515,-0.5841249194364144,6.99999958324288
-7.383064680725711,-4.8454703102781345,-0.5779846630147998,6.999999584936735
-7.169905857162598,-4.983321520410769,-0.5682093403595632,6.999999586057692
-6.9561959733470475,-5.11804027138081,-0.5560429708071718,6.999999586854219
-6.740951962445993,-5.24987334434449,-0.5431278776803224,6.999999587572855
-6.523783452410463,-5.379107984315375,-0.5312093550407234,6.999999588355971
-6.304536295460714,-5.506240083331122,-0.5208203520661839,6.999999589148901
-6.082855297589273,-5.632074256758468,-0.513854690908584,6.999999589662972
-5.8585241084014825,-5.757920604837754,-0.511743335845244,6.99999958941978
-5.632455412867587,-5.885099860872469,-0.5147730187732272,6.999999587876992
-5.406187236785565,-6.013721541183033,-0.519152481072348,6.999999584605545
-5.183291383086571,-6.1418313421494375,-0.5174053875017359,6.99999957946152
-4.966081337747331,-6.264218830772644,-0.4986395025158556,6.999999572702982
-4.753622140562215,-6.376159549069107,-0.460873175447251,6.999999565052559
-4.54221825579957,-6.474997727106041,-0.4068003093169731,6.999999557665535
-4.329964739664656,-6.558996418278963,-0.34465592744783335,6.99999955195227
-4.113822725802132,-6.628824682188637,-0.2789467561239993,6.999999549229789
-3.893927006462615,-6.683993870411901,-0.21205300244523126,6.999999550290323
-3.669116240494546,-6.724431120162964,-0.1471740799077232,6.999999555087165
-3.435406659737561,-6.7516434998617605,-0.09682262913935252,6.9999995627279175
-3.190569495873099,-6.770446778869677,-0.067811676072667,6.999999571776137
-2.9358909703644285,-6.78545427760174,-0.05948143017518922,6.999999580674684
-2.6732315949955305,-6.8011906636922035,-0.06799344313116444,6.999999588115028
-2.405673772897174,-6.821727068103485,-0.0883001934948051,6.999999593061157
-2.138862363366414,-6.848438254725352,-0.10981526297724652,6.999999596084212
-1.875098155489873,-6.88014733782245,-0.12505799358524314,6.999999595771138
-1.6183994468729619,-6.9137678839550745,-0.12532848679875602,6.999999594120053
-1.3686457517183954,-6.944262486413873,-0.11184609267476346,6.999999591555863
-1.1214589638040198,-6.9692954135914285,-0.08900328213328845,6.99999958907539
-0.8737701062979307,-6.988762797321872,-0.06884373195449003,6.999999587354485
-0.6240901867721781,-7.0032176029367506,-0.04946294347287778,6.999999586724971
-0.37110032552428174,-7.013945894732423,-0.03947789001465211,6.999999587139792
-0.11521145295749169,-7.022942688562029,-0.032790513444800475,6.999999588232108
0.14163715570019209,-7.031118809757416,-0.030887088649933888,6.99999958944425
0.39929003007587816,-7.038470935419497,-0.027809914477615494,6.999999590193456
