x_m,y_m,w_tr_right_m,w_tr_left_m
1.680903,-4.619021,1.5197,1.5197
1.736227,-4.623181,1.5098,1.5098
1.791922,-4.625915,1.5000,1.5000
1.846935,-4.627216,1.5000,1.5000
1.902068,-4.627079,1.5000,1.5000
1.958123,-4.625508,1.5098,1.5098
2.014047,-4.622512,1.5197,1.5197
2.068790,-4.618104,1.5295,1.5295
2.123154,-4.612304,1.5394,1.5394
2.176955,-4.605138,1.5492,1.5492
2.230008,-4.596636,1.5091,1.5091
2.281260,-4.586836,1.5189,1.5189
2.332495,-4.575780,1.5288,1.5288
2.382657,-4.563515,1.5386,1.5386
2.431565,-4.550096,1.5484,1.5484
2.480018,-4.535582,1.5083,1.5083
2.527080,-4.520037,1.5181,1.5181
2.573669,-4.503533,1.5280,1.5280
2.619722,-4.486145,1.4980,1.4980
2.665177,-4.467956,1.5280,1.5280
2.709978,-4.448068,1.4980,1.4980
2.753199,-4.426458,1.5281,1.5281
2.795769,-4.404089,1.5281,1.5281
2.837636,-4.380074,1.5184,1.5184
2.878751,-4.354403,1.5486,1.5486
2.919066,-4.327064,1.5389,1.5389
2.957669,-4.299034,1.5292,1.5292
2.995500,-4.269444,1.5292,1.5292
3.032517,-4.238293,1.5195,1.5195
3.068684,-4.205586,1.5497,1.5497
3.103964,-4.172315,1.5400,1.5400
3.137454,-4.137623,1.5098,1.5098
3.170108,-4.101524,1.5181,1.5181
3.201894,-4.064037,1.4780,1.4780
3.232788,-4.025184,1.4980,1.4980
3.261893,-3.985973,1.4583,1.4583
3.290171,-3.945563,1.4681,1.4681
3.317601,-3.903986,1.4181,1.4181
3.344164,-3.861279,1.4280,1.4280
3.369845,-3.817480,1.3984,1.3984
3.393761,-3.772628,1.4083,1.4083
3.416883,-3.726769,1.3681,1.3681
3.439202,-3.680933,1.3788,1.3788
3.460711,-3.634302,1.3386,1.3386
3.480535,-3.586931,1.3484,1.3484
3.499655,-3.538879,1.3583,1.3583
3.518069,-3.490205,1.3181,1.3181
3.535779,-3.440974,1.3386,1.3386
3.552788,-3.391252,1.2984,1.2984
3.568234,-3.341108,1.3083,1.3083
3.583109,-3.290614,1.3181,1.3181
3.597422,-3.238861,1.3181,1.3181
3.611186,-3.186792,1.2984,1.2984
3.623546,-3.134487,1.3083,1.3083
3.635503,-3.082026,1.3083,1.3083
3.647074,-3.029491,1.2984,1.2984
3.658282,-2.976969,1.2886,1.2886
3.668279,-2.923565,1.2984,1.2984
3.678075,-2.870237,1.3083,1.3083
3.687695,-2.817078,1.2984,1.2984
3.696301,-2.764181,1.2886,1.2886
3.704905,-2.711645,1.2984,1.2984
3.713541,-2.658585,1.3083,1.3083
3.722243,-2.605971,1.3083,1.3083
3.730180,-2.553907,1.2984,1.2984
3.738374,-2.502499,1.2886,1.2886
3.746867,-2.450870,1.2788,1.2788
3.754831,-2.400000,1.3083,1.3083
3.763296,-2.350000,1.3083,1.3083
3.772307,-2.300000,1.2984,1.2984
3.781044,-2.250000,1.2886,1.2886
3.790542,-2.200000,1.2788,1.2788
3.799867,-2.150000,1.2689,1.2689
3.809072,-2.100000,1.3083,1.3083
3.819194,-2.050000,1.2984,1.2984
3.828432,-2.000000,1.2886,1.2886
3.838695,-1.950000,1.2788,1.2788
3.849053,-1.900000,1.2689,1.2689
3.858576,-1.850000,1.3083,1.3083
3.869171,-1.800000,1.2984,1.2984
3.879038,-1.750000,1.2886,1.2886
3.890085,-1.700000,1.2788,1.2788
3.900511,-1.650000,1.3181,1.3181
3.911240,-1.600000,1.3083,1.3083
3.922323,-1.550000,1.2984,1.2984
3.933813,-1.500000,1.2886,1.2886
3.944777,-1.450000,1.2783,1.2783
3.956135,-1.400000,1.3083,1.3083
3.967937,-1.350000,1.2984,1.2984
3.980231,-1.300000,1.2886,1.2886
3.992084,-1.250000,1.2788,1.2788
4.003540,-1.200000,1.3181,1.3181
4.016499,-1.150000,1.3083,1.3083
4.029153,-1.100000,1.2984,1.2984
4.041546,-1.050000,1.2886,1.2886
4.053718,-1.000000,1.3181,1.3181
4.066577,-0.950000,1.3083,1.3083
4.080163,-0.900000,1.2984,1.2984
4.093642,-0.850000,1.2886,1.2886
4.107050,-0.800000,1.3288,1.3288
4.120420,-0.750000,1.3181,1.3181
4.133782,-0.699130,1.2984,1.2984
4.148145,-0.648371,1.2886,1.2886
4.162668,-0.597721,1.3181,1.3181
4.177375,-0.546307,1.3083,1.3083
4.192286,-0.495108,1.2984,1.2984
4.207419,-0.444117,1.3386,1.3386
4.223776,-0.392460,1.3181,1.3181
4.240501,-0.341112,1.3083,1.3083
4.257607,-0.289195,1.3483,1.3483
4.275103,-0.237681,1.3181,1.3181
4.292998,-0.185690,1.3083,1.3083
4.312279,-0.134192,1.3484,1.3484
4.332081,-0.082302,1.3386,1.3386
4.352406,-0.030989,1.3681,1.3681
4.373251,0.020636,1.3583,1.3583
4.395597,0.072477,1.3483,1.3483
4.418570,0.123572,1.3681,1.3681
4.442162,0.174814,1.3583,1.3583
4.466365,0.225245,1.3881,1.3881
4.491164,0.275759,1.3681,1.3681
4.517529,0.325400,1.4083,1.4083
4.544575,0.375067,1.3881,1.3881
4.572283,0.424676,1.4181,1.4181
4.600631,0.474148,1.4280,1.4280
4.630581,0.522533,1.4181,1.4181
4.661238,0.570739,1.4484,1.4484
4.692576,0.618692,1.4280,1.4280
4.724564,0.665448,1.4581,1.4581
4.757170,0.711921,1.4581,1.4581
4.791344,0.758041,1.4581,1.4581
4.826180,0.803742,1.4780,1.4780
4.861640,0.848090,1.4388,1.4388
4.897682,0.892007,1.4689,1.4689
4.935249,0.934560,1.4592,1.4592
4.973425,0.976675,1.4495,1.4495
5.012164,1.018293,1.4398,1.4398
5.051417,1.059359,1.4398,1.4398
5.092116,1.098951,1.4398,1.4398
5.133338,1.138001,1.4398,1.4398
5.175030,1.176459,1.4398,1.4398
5.218116,1.214280,1.4398,1.4398
5.261669,1.251418,1.4495,1.4495
5.305629,1.286964,1.4194,1.4194
5.349932,1.321861,1.4592,1.4592
5.395495,1.356070,1.4689,1.4689
5.441384,1.389556,1.4388,1.4388
5.487527,1.421417,1.4484,1.4484
5.534838,1.452605,1.4581,1.4581
5.582375,1.483090,1.4280,1.4280
5.630063,1.512845,1.4484,1.4484
5.678809,1.540976,1.4183,1.4183
5.727664,1.568444,1.4280,1.4280
5.776549,1.595227,1.4181,1.4181
5.826364,1.621307,1.4280,1.4280
5.876156,1.645798,1.4181,1.4181
5.926824,1.669670,1.4280,1.4280
5.977411,1.692910,1.4181,1.4181
6.027829,1.715507,1.4581,1.4581
6.078969,1.737455,1.4280,1.4280
6.129871,1.757879,1.4581,1.4581
6.181423,1.777760,1.4280,1.4280
6.232662,1.797096,1.4181,1.4181
6.284474,1.815889,1.4581,1.4581
6.335892,1.834143,1.4280,1.4280
6.387800,1.851864,1.4581,1.4581
6.439227,1.868193,1.4581,1.4581
6.491055,1.884125,1.4280,1.4280
6.542312,1.899671,1.4181,1.4181
6.593874,1.914847,1.4583,1.4583
6.644767,1.929672,1.4484,1.4484
6.695866,1.944167,1.4280,1.4280
6.747177,1.958356,1.4681,1.4681
6.797721,1.971395,1.4583,1.4583
6.848371,1.984296,1.4484,1.4484
6.899130,1.997088,1.4280,1.4280
6.950000,2.009805,1.4681,1.4681
7.000000,2.022481,1.4583,1.4583
7.050000,2.035155,1.4484,1.4484
7.100000,2.046996,1.4280,1.4280
7.150000,2.059032,1.4681,1.4681
7.200000,2.071305,1.4583,1.4583
7.250000,2.082878,1.4484,1.4484
7.300000,2.094666,1.4386,1.4386
7.350000,2.106721,1.4780,1.4780
7.400000,2.118109,1.4681,1.4681
7.450000,2.128883,1.4583,1.4583
7.500000,2.140080,1.4484,1.4484
7.550000,2.150769,1.4780,1.4780
7.600000,2.161877,1.4780,1.4780
7.650000,2.172476,1.4681,1.4681
7.700000,2.183495,1.4583,1.4583
7.750000,2.193140,1.4484,1.4484
7.800000,2.203323,1.4780,1.4780
7.850000,2.213121,1.4780,1.4780
7.900000,2.223463,1.4681,1.4681
7.950000,2.233431,1.4583,1.4583
8.000000,2.242972,1.4484,1.4484
8.050000,2.253020,1.4788,1.4788
8.100000,2.261787,1.4780,1.4780
8.150000,2.271191,1.4681,1.4681
8.200000,2.280314,1.4583,1.4583
8.250000,2.290093,1.4484,1.4484
8.300000,2.299611,1.4386,1.4386
8.350000,2.308825,1.4788,1.4788
8.400000,2.317689,1.4689,1.4689
8.450000,2.326271,1.4591,1.4591
8.500000,2.334642,1.4492,1.4492
8.550000,2.342756,1.4394,1.4394
8.600000,2.351552,1.4598,1.4598
8.650000,2.360118,1.4697,1.4697
8.700000,2.368411,1.4598,1.4598
8.750000,2.376390,1.4500,1.4500
8.800000,2.384995,1.4500,1.4500
8.850000,2.392449,1.4492,1.4492
8.900000,2.400676,1.4598,1.4598
8.950000,2.408768,1.4697,1.4697
9.000000,2.416684,1.4697,1.4697
9.050000,2.424386,1.4598,1.4598
9.100000,2.432818,1.4500,1.4500
9.150000,2.440204,1.4492,1.4492
9.200000,2.447488,1.4394,1.4394
9.250000,2.454631,1.4500,1.4500
9.300000,2.461593,1.4598,1.4598
9.350000,2.469319,1.4598,1.4598
9.400000,2.476903,1.4500,1.4500
9.450000,2.483437,1.4492,1.4492
9.500000,2.489867,1.4394,1.4394
9.550000,2.497137,1.4295,1.4295
9.600000,2.504341,1.4500,1.4500
9.650000,2.511441,1.4500,1.4500
9.700000,2.518402,1.4500,1.4500
9.750000,2.526171,1.4500,1.4500
9.800000,2.532974,1.4492,1.4492
9.850000,2.539758,1.4394,1.4394
9.900000,2.546487,1.4295,1.4295
9.950000,2.554110,1.4492,1.4492
10.000000,2.561720,1.4500,1.4500
10.050000,2.569286,1.4500,1.4500
10.100000,2.576772,1.4500,1.4500
10.150000,2.584146,1.4492,1.4492
10.200000,2.592357,1.4394,1.4394
10.250000,2.600505,1.4197,1.4197
10.300000,2.607688,1.4295,1.4295
10.350000,2.614856,1.4394,1.4394
10.400000,2.621977,1.4492,1.4492
10.450000,2.629016,1.4500,1.4500
10.500000,2.636924,1.4492,1.4492
10.550000,2.643928,1.4394,1.4394
10.600000,2.650981,1.4000,1.4000
10.650000,2.658049,1.4098,1.4098
10.700000,2.665096,1.4197,1.4197
10.750000,2.671219,1.4295,1.4295
10.800000,2.677367,1.4394,1.4394
10.850000,2.684486,1.4394,1.4394
10.900000,2.691673,1.4295,1.4295
10.950000,2.698894,1.4197,1.4197
11.000000,2.706115,1.4000,1.4000
11.050000,2.713302,1.4000,1.4000
11.100000,2.719552,1.4000,1.4000
11.150000,2.726795,1.4000,1.4000
11.200000,2.734129,1.4098,1.4098
11.250000,2.740650,1.4197,1.4197
11.300000,2.747304,1.4197,1.4197
11.350000,2.754056,1.3894,1.3894
11.400000,2.760869,1.3992,1.3992
11.450000,2.766835,1.4000,1.4000
11.500000,2.773885,1.4000,1.4000
11.550000,2.780241,1.4000,1.4000
11.600000,2.785979,1.4000,1.4000
11.650000,2.792039,1.4098,1.4098
11.700000,2.798381,1.4098,1.4098
11.750000,2.804091,1.3795,1.3795
11.800000,2.811094,1.3894,1.3894
11.850000,2.817607,1.3992,1.3992
11.900000,2.823698,1.4000,1.4000
11.950000,2.830305,1.4000,1.4000
12.000000,2.836509,1.4098,1.4098
12.050000,2.842373,1.4098,1.4098
12.100000,2.848830,1.4000,1.4000
12.150000,2.855939,1.3894,1.3894
12.200870,2.862891,1.4091,1.4091
12.251629,2.869743,1.4189,1.4189
12.302279,2.876552,1.4098,1.4098
12.353693,2.883369,1.4000,1.4000
12.404892,2.890243,1.3984,1.3984
12.455883,2.897222,1.3886,1.3886
12.507540,2.905333,1.4181,1.4181
12.559758,2.913751,1.4189,1.4189
12.612434,2.922515,1.4091,1.4091
12.664597,2.931665,1.3992,1.3992
12.717132,2.941235,1.3894,1.3894
12.769942,2.951258,1.4280,1.4280
12.822931,2.961764,1.4197,1.4197
12.875137,2.972779,1.4098,1.4098
12.927454,2.985313,1.4000,1.4000
12.979793,2.998518,1.3984,1.3984
13.032066,3.012416,1.4386,1.4386
13.083322,3.027026,1.4280,1.4280
13.134461,3.042363,1.4181,1.4181
13.185402,3.058439,1.4581,1.4581
13.236068,3.076250,1.4484,1.4484
13.286385,3.094934,1.4280,1.4280
13.335409,3.114499,1.4581,1.4581
13.384054,3.134950,1.4583,1.4583
13.432249,3.156286,1.4581,1.4581
13.479930,3.178508,1.4780,1.4780
13.527032,3.202596,1.4581,1.4581
13.573495,3.227674,1.4780,1.4780
13.618390,3.253736,1.4581,1.4581
13.662644,3.280773,1.4883,1.4883
13.706203,3.308771,1.4780,1.4780
13.749013,3.337714,1.4780,1.4780
13.791026,3.367585,1.4581,1.4581
13.832195,3.399347,1.4883,1.4883
13.872475,3.432109,1.4786,1.4786
13.910957,3.465846,1.4689,1.4689
13.948583,3.500531,1.4291,1.4291
13.985316,3.536136,1.4592,1.4592
14.021990,3.572627,1.4495,1.4495
14.057590,3.609969,1.4398,1.4398
14.092092,3.648125,1.4398,1.4398
14.125469,3.687052,1.4398,1.4398
14.157701,3.726708,1.4495,1.4495
14.188771,3.768030,1.4194,1.4194
14.219531,3.810102,1.4291,1.4291
14.248988,3.852874,1.3989,1.3989
14.277136,3.896294,1.4388,1.4388
14.303968,3.940307,1.4484,1.4484
14.329485,3.985839,1.4183,1.4183
14.354558,4.031962,1.4280,1.4280
14.378209,4.078616,1.4086,1.4086
14.400448,4.125738,1.4183,1.4183
14.421288,4.174244,1.3881,1.3881
14.440745,4.223199,1.3681,1.3681
14.459706,4.272534,1.3881,1.3881
14.477212,4.322177,1.3681,1.3681
14.494159,4.372052,1.3583,1.3583
14.509595,4.422082,1.3984,1.3984
14.524427,4.472187,1.3886,1.3886
14.537709,4.523267,1.3788,1.3788
14.550356,4.574370,1.4189,1.4189
14.562304,4.625409,1.4091,1.4091
14.573493,4.677280,1.3992,1.3992
14.583868,4.729024,1.3894,1.3894
14.593383,4.781418,1.3795,1.3795
14.601995,4.833387,1.4197,1.4197
14.609667,4.885821,1.4098,1.4098
14.616367,4.938624,1.4000,1.4000
14.622072,4.991703,1.4000,1.4000
14.626760,5.045077,1.4000,1.4000
14.630418,5.098652,1.4000,1.4000
14.633037,5.151348,1.4098,1.4098
14.634615,5.204923,1.4197,1.4197
14.635154,5.257427,1.4295,1.4295
14.634662,5.309747,1.4394,1.4394
14.633155,5.362771,1.4492,1.4492
14.630651,5.415419,1.4591,1.4591
14.627176,5.467597,1.4689,1.4689
14.622761,5.520195,1.4788,1.4788
14.617443,5.572136,1.4886,1.4886
14.611264,5.623329,1.4984,1.4984
14.603288,5.674666,1.5083,1.5083
14.594435,5.726058,1.4681,1.4681
14.584763,5.777420,1.4780,1.4780
14.573348,5.827797,1.4980,1.4980
14.561126,5.878091,1.5280,1.5280
14.548168,5.928222,1.4980,1.4980
14.533564,5.977241,1.5280,1.5280
14.517281,6.026056,1.5378,1.5378
14.499285,6.074592,1.5281,1.5281
14.480531,6.121906,1.5583,1.5583
14.460125,6.168911,1.5884,1.5884
14.438047,6.215538,1.5788,1.5788
14.414277,6.261721,1.6089,1.6089
14.389784,6.307395,1.5992,1.5992
14.363689,6.352501,1.6294,1.6294
14.335984,6.396110,1.5895,1.5895
14.306666,6.439148,1.6197,1.6197
14.276717,6.481561,1.6100,1.6100
14.245271,6.523297,1.6100,1.6100
14.212336,6.564306,1.6498,1.6498
14.177921,6.604541,1.6498,1.6498
14.142040,6.643089,1.6100,1.6100
14.105691,6.680890,1.6498,1.6498
14.068027,6.717903,1.6595,1.6595
14.029071,6.754091,1.6692,1.6692
13.988850,6.788547,1.6391,1.6391
13.947393,6.822221,1.6488,1.6488
13.904734,6.855081,1.6886,1.6886
13.861892,6.887096,1.6584,1.6584
13.818037,6.917371,1.6681,1.6681
13.773214,6.946862,1.6380,1.6380
13.727470,6.975545,1.6477,1.6477
13.680853,7.003400,1.6197,1.6197
13.633415,7.029538,1.6295,1.6295
13.585213,7.054925,1.5894,1.5894
13.537288,7.079545,1.5992,1.5992
13.488834,7.103386,1.5500,1.5500
13.439916,7.126438,1.5598,1.5598
13.389621,7.148694,1.5697,1.5697
13.338887,7.170149,1.5295,1.5295
13.287785,7.189933,1.5394,1.5394
13.236392,7.209027,1.4992,1.4992
13.184785,7.227435,1.5000,1.5000
13.133043,7.245159,1.5000,1.5000
13.080267,7.262207,1.4598,1.4598
13.027409,7.277718,1.4697,1.4697
12.974555,7.292688,1.4795,1.4795
12.921795,7.307128,1.4394,1.4394
12.869220,7.320185,1.4492,1.4492
12.815941,7.332857,1.4500,1.4500
12.762921,7.345164,1.4598,1.4598
12.710259,7.357127,1.4197,1.4197
12.658055,7.367900,1.4295,1.4295
12.606412,7.378490,1.4394,1.4394
12.554451,7.388926,1.4492,1.4492
12.503149,7.399236,1.4500,1.4500
12.451629,7.409453,1.4000,1.4000
12.400870,7.419613,1.4098,1.4098
12.350000,7.428883,1.4295,1.4295
12.300000,7.438286,1.4394,1.4394
12.250000,7.447863,1.4492,1.4492
12.200000,7.457658,1.4000,1.4000
12.150000,7.467717,1.4098,1.4098
12.100000,7.478090,1.4197,1.4197
12.050000,7.486974,1.4295,1.4295
12.000000,7.496273,1.4394,1.4394
11.950000,7.506041,1.3992,1.3992
11.900000,7.515346,1.4000,1.4000
11.850000,7.524245,1.4000,1.4000
11.800000,7.533777,1.4098,1.4098
11.750000,7.543015,1.4197,1.4197
11.700000,7.552887,1.3795,1.3795
11.650000,7.561600,1.3894,1.3894
11.600000,7.571066,1.3992,1.3992
11.550000,7.581345,1.4000,1.4000
11.500000,7.591517,1.4098,1.4098
11.450000,7.601531,1.3697,1.3697
11.400000,7.611451,1.3795,1.3795
11.350000,7.621339,1.3894,1.3894
11.300000,7.631145,1.3992,1.3992
11.250000,7.641803,1.4000,1.4000
11.200000,7.652395,1.3500,1.3500
11.150000,7.662872,1.3598,1.3598
11.100000,7.673187,1.3697,1.3697
11.050000,7.683406,1.3795,1.3795
11.000000,7.693595,1.3881,1.3881
10.950000,7.703707,1.3492,1.3492
10.900000,7.714678,1.3500,1.3500
10.850000,7.724721,1.3598,1.3598
10.800000,7.734775,1.3697,1.3697
10.750000,7.745775,1.3681,1.3681
10.700000,7.755936,1.3394,1.3394
10.650000,7.766195,1.3492,1.3492
10.600000,7.776503,1.3500,1.3500
10.550000,7.786812,1.3500,1.3500
10.500000,7.796205,1.3583,1.3583
10.450000,7.806599,1.3197,1.3197
10.400000,7.817076,1.3295,1.3295
10.350000,7.826718,1.3394,1.3394
10.300000,7.836460,1.3484,1.3484
10.250000,7.845379,1.3386,1.3386
10.200000,7.854407,1.3000,1.3000
10.150000,7.863604,1.3098,1.3098
10.100000,7.873032,1.3197,1.3197
10.050000,7.882636,1.3295,1.3295
10.000000,7.891493,1.3181,1.3181
9.950000,7.901515,1.2992,1.2992
9.900000,7.910908,1.3091,1.3091
9.850000,7.919731,1.3189,1.3189
9.800000,7.928908,1.3181,1.3181
9.750000,7.938495,1.3083,1.3083
9.700000,7.947676,1.2984,1.2984
9.650000,7.956503,1.3083,1.3083
9.599130,7.965027,1.3083,1.3083
9.548371,7.974278,1.2984,1.2984
9.497721,7.983433,1.2886,1.2886
9.446307,7.992535,1.2783,1.2783
9.395108,8.001626,1.3083,1.3083
9.344117,8.010743,1.2984,1.2984
9.292460,8.019922,1.2886,1.2886
9.241112,8.029196,1.2783,1.2783
9.190065,8.039577,1.2583,1.2583
9.138440,8.050227,1.2984,1.2984
9.087210,8.061172,1.2783,1.2783
9.035494,8.072436,1.2583,1.2583
8.984263,8.084039,1.2484,1.2484
8.933502,8.096986,1.2386,1.2386
8.882327,8.110424,1.2783,1.2783
8.831705,8.124368,1.2583,1.2583
8.781620,8.139816,1.2484,1.2484
8.731185,8.155911,1.2886,1.2886
8.681363,8.172662,1.2783,1.2783
8.631267,8.190077,1.2583,1.2583
8.581856,8.209143,1.2984,1.2984
8.533109,8.228996,1.2886,1.2886
8.484133,8.249637,1.2783,1.2783
8.435017,8.271064,1.3083,1.3083
8.386717,8.293273,1.2984,1.2984
8.338335,8.316257,1.3181,1.3181
8.289954,8.340990,1.3083,1.3083
8.241655,8.366594,1.3484,1.3484
8.192645,8.393054,1.3386,1.3386
8.143981,8.420355,1.3681,1.3681
8.094861,8.448479,1.3583,1.3583
8.046334,8.477405,1.3984,1.3984
7.998461,8.508094,1.4280,1.4280
7.950429,8.539650,1.4280,1.4280
7.903275,8.572048,1.4681,1.4681
7.856178,8.605258,1.4980,1.4980
7.810167,8.640231,1.4780,1.4780
7.764412,8.676066,1.5181,1.5181
7.719934,8.712726,1.5583,1.5583
7.675894,8.750174,1.5878,1.5878
7.633305,8.789353,1.5780,1.5780
7.591319,8.829353,1.6181,1.6181
7.550939,8.870128,1.6380,1.6380
7.511312,8.911634,1.6477,1.6477
7.473432,8.953820,1.6778,1.6778
7.436434,8.997618,1.7177,1.7177
7.400436,9.042107,1.6977,1.6977
7.365548,9.087231,1.7378,1.7378
7.332743,9.132932,1.7780,1.7780
7.301140,9.179150,1.7681,1.7681
7.270833,9.225821,1.8083,1.8083
7.241914,9.272878,1.8484,1.8484
7.214468,9.321238,1.8386,1.8386
7.188573,9.369960,1.8788,1.8788
7.164302,9.419843,1.8689,1.8689
7.141725,9.470700,1.9091,1.9091
7.120902,9.522459,1.8992,1.8992
7.101890,9.575049,1.8894,1.8894
7.084740,9.628283,1.9295,1.9295
7.069497,9.682088,1.9197,1.9197
7.056201,9.736394,1.9098,1.9098
7.044886,9.790143,1.9500,1.9500
7.035579,9.844130,1.9500,1.9500
7.028304,9.899152,1.9500,1.9500
7.023078,9.954151,1.9500,1.9500
7.019911,10.008941,1.9500,1.9500
7.018810,10.063450,1.9500,1.9500
7.019774,10.117605,1.9598,1.9598
7.022797,10.172206,1.9697,1.9697
7.027869,10.226199,1.9795,1.9795
7.034973,10.279513,1.9894,1.9894
7.044085,10.332081,1.9992,1.9992
7.055178,10.383718,1.9591,1.9591
7.068218,10.435225,1.9689,1.9689
7.083165,10.485552,1.9788,1.9788
7.099974,10.535502,1.9886,1.9886
7.118594,10.585011,1.9484,1.9484
7.138969,10.633036,1.9583,1.9583
7.161037,10.680384,1.9181,1.9181
7.184729,10.726998,1.9280,1.9280
7.209972,10.771953,1.8878,1.8878
7.237673,10.816178,1.8977,1.8977
7.266878,10.859620,1.8575,1.8575
7.297500,10.902232,1.8500,1.8500
7.330431,10.943965,1.8275,1.8275
7.364704,10.984777,1.8000,1.8000
7.400218,11.024626,1.7500,1.7500
7.437850,11.063474,1.7000,1.7000
7.476620,11.101286,1.6598,1.6598
7.516411,11.138029,1.6697,1.6697
7.558087,11.173673,1.6295,1.6295
7.600654,11.208193,1.5894,1.5894
7.644965,11.241563,1.5894,1.5894
7.690019,11.273763,1.5492,1.5492
7.735677,11.304774,1.5000,1.5000
7.782779,11.333711,1.5000,1.5000
7.830308,11.361543,1.4500,1.4500
7.878112,11.388256,1.4500,1.4500
7.927018,11.413841,1.4000,1.4000
7.975993,11.438292,1.4098,1.4098
8.025856,11.461603,1.3697,1.3697
8.075568,11.483773,1.3795,1.3795
8.124953,11.504804,1.3394,1.3394
8.174815,11.524700,1.3492,1.3492
8.225085,11.543468,1.3500,1.3500
8.274706,11.561117,1.3000,1.3000
8.324470,11.577662,1.3000,1.3000
8.374298,11.593116,1.3000,1.3000
8.424106,11.607499,1.2500,1.2500
8.474793,11.620832,1.2598,1.2598
8.525401,11.632268,1.2697,1.2697
8.576827,11.642816,1.2795,1.2795
8.628111,11.652503,1.2394,1.2394
8.679163,11.661359,1.2492,1.2492
8.730870,11.669416,1.2500,1.2500
8.782270,11.676709,1.2500,1.2500
8.834249,11.683276,1.2500,1.2500
8.885839,11.689159,1.2500,1.2500
8.937924,11.694401,1.2500,1.2500
8.989535,11.699049,1.2598,1.2598
9.041553,11.703152,1.2197,1.2197
9.093004,11.705892,1.2295,1.2295
9.144767,11.708307,1.2394,1.2394
9.195866,11.710451,1.2492,1.2492
9.247177,11.712381,1.2500,1.2500
9.297721,11.714160,1.2500,1.2500
9.348371,11.715849,1.2500,1.2500
9.399130,11.717517,1.2500,1.2500
9.450000,11.719231,1.2598,1.2598
9.500000,11.721064,1.2697,1.2697
9.550000,11.723091,1.2697,1.2697
9.600000,11.725390,1.2598,1.2598
9.650000,11.728040,1.2500,1.2500
9.700000,11.731125,1.2492,1.2492
9.750000,11.734732,1.2394,1.2394
9.800000,11.737965,1.2295,1.2295
9.850000,11.739928,1.2197,1.2197
9.900000,11.742562,1.2098,1.2098
9.950000,11.744971,1.2000,1.2000
10.000000,11.747130,1.2000,1.2000
10.050000,11.749999,1.2000,1.2000
10.100000,11.752684,1.2500,1.2500
10.150000,11.756147,1.2500,1.2500
10.200000,11.759499,1.2500,1.2500
10.250000,11.762720,1.2500,1.2500
10.300000,11.765789,1.2500,1.2500
10.350000,11.768687,1.2500,1.2500
10.400000,11.772380,1.2500,1.2500
10.450000,11.775979,1.2500,1.2500
10.500000,11.779468,1.2500,1.2500
10.550000,11.781960,1.2500,1.2500
10.600000,11.785404,1.2500,1.2500
10.650000,11.788913,1.2500,1.2500
10.700000,11.792469,1.2492,1.2492
10.750000,11.796057,1.2394,1.2394
10.800000,11.799659,1.2295,1.2295
10.850000,11.803259,1.2697,1.2697
10.900000,11.806838,1.2598,1.2598
10.950000,11.810381,1.2500,1.2500
11.000000,11.813870,1.2500,1.2500
11.050000,11.817288,1.2500,1.2500
11.100000,11.821604,1.2500,1.2500
11.150000,11.825062,1.2500,1.2500
11.200000,11.828630,1.2500,1.2500
11.250000,11.832291,1.2500,1.2500
11.300000,11.836029,1.2500,1.2500
11.350000,11.839826,1.2500,1.2500
11.400000,11.843665,1.2500,1.2500
11.450000,11.847530,1.2500,1.2500
11.500000,11.851403,1.3000,1.3000
11.550000,11.855267,1.3000,1.3000
11.600000,11.858237,1.3000,1.3000
11.650000,11.861275,1.3000,1.3000
11.700000,11.864363,1.3000,1.3000
11.750000,11.867480,1.3000,1.3000
11.800000,11.870607,1.3000,1.3000
11.850000,11.874709,1.3000,1.3000
11.900000,11.878899,1.2992,1.2992
11.950000,11.883159,1.2894,1.2894
12.000000,11.887473,1.2795,1.2795
12.050000,11.890953,1.2697,1.2697
12.100000,11.894564,1.2598,1.2598
12.150000,11.898288,1.2500,1.2500
12.200000,11.902103,1.3000,1.3000
12.250000,11.905990,1.3000,1.3000
12.300000,11.909929,1.3000,1.3000
12.350000,11.913901,1.3000,1.3000
12.400000,11.917015,1.3000,1.3000
12.450000,11.920234,1.3000,1.3000
12.500000,11.923534,1.3000,1.3000
12.550000,11.926894,1.3000,1.3000
12.600000,11.931276,1.3000,1.3000
12.650000,11.935788,1.3000,1.3000
12.700000,11.940412,1.3000,1.3000
12.750000,11.944258,1.3000,1.3000
12.800000,11.948287,1.2992,1.2992
12.850000,11.952478,1.3394,1.3394
12.900000,11.956806,1.3295,1.3295
12.950000,11.961251,1.3197,1.3197
13.000000,11.965789,1.3098,1.3098
13.050000,11.970397,1.3000,1.3000
13.100000,11.975053,1.3000,1.3000
13.150000,11.980720,1.3000,1.3000
13.200000,11.986506,1.3000,1.3000
13.250000,11.991522,1.3000,1.3000
13.300000,11.996731,1.3000,1.3000
13.350000,12.002109,1.3500,1.3500
13.400000,12.007633,1.3500,1.3500
13.450000,12.013282,1.3500,1.3500
13.500000,12.019033,1.3492,1.3492
13.550000,12.024863,1.3394,1.3394
13.600000,12.030749,1.3295,1.3295
13.650000,12.036669,1.3197,1.3197
13.700000,12.041731,1.3098,1.3098
13.750000,12.046892,1.3000,1.3000
13.800000,12.052129,1.3394,1.3394
13.850000,12.057414,1.3492,1.3492
13.900000,12.063709,1.3500,1.3500
13.950000,12.070119,1.3500,1.3500
14.000000,12.075752,1.3500,1.3500
14.050000,12.081568,1.3500,1.3500
14.100000,12.087540,1.3492,1.3492
14.150000,12.093643,1.3394,1.3394
14.200000,12.099853,1.3295,1.3295
14.250000,12.106142,1.3295,1.3295
14.300000,12.111617,1.3394,1.3394
14.350000,12.117233,1.3492,1.3492
14.400000,12.122962,1.3500,1.3500
14.450000,12.128776,1.3500,1.3500
14.500000,12.134646,1.3500,1.3500
14.550000,12.140544,1.3492,1.3492
14.600000,12.147427,1.3394,1.3394
14.650000,12.154399,1.3000,1.3000
14.700000,12.161435,1.3098,1.3098
14.750000,12.168508,1.3197,1.3197
14.800000,12.174724,1.3295,1.3295
14.850000,12.181039,1.3394,1.3394
14.900000,12.187425,1.3492,1.3492
14.950000,12.193853,1.3500,1.3500
15.000000,12.200295,1.3000,1.3000
15.050000,12.205853,1.3000,1.3000
15.100000,12.211480,1.3000,1.3000
15.150000,12.217145,1.3000,1.3000
15.200000,12.223802,1.3000,1.3000
15.250000,12.230552,1.3098,1.3098
15.300000,12.236496,1.3197,1.3197
15.350000,12.242589,1.3295,1.3295
15.400000,12.248800,1.3394,1.3394
15.450000,12.255096,1.2992,1.2992
15.500000,12.261447,1.3000,1.3000
15.550000,12.267823,1.3000,1.3000
15.600000,12.273321,1.3000,1.3000
15.650000,12.279877,1.3000,1.3000
15.700000,12.286590,1.3000,1.3000
15.750000,12.292559,1.3000,1.3000
15.800000,12.298733,1.3098,1.3098
15.850000,12.304210,1.2697,1.2697
15.900000,12.309937,1.2795,1.2795
15.950000,12.315877,1.2894,1.2894
16.000000,12.321123,1.2992,1.2992
16.050000,12.326621,1.3000,1.3000
16.100000,12.332445,1.3000,1.3000
16.150000,12.337799,1.3000,1.3000
16.200000,12.343627,1.3000,1.3000
16.250000,12.349015,1.3000,1.3000
16.300000,12.354904,1.2697,1.2697
16.350000,12.360377,1.2795,1.2795
16.400000,12.365500,1.2894,1.2894
16.450000,12.371323,1.2992,1.2992
16.500000,12.377908,1.3000,1.3000
16.550000,12.384335,1.3000,1.3000
16.600000,12.390664,1.2992,1.2992
16.650000,12.396953,1.2894,1.2894
16.700000,12.403258,1.2795,1.2795
16.750000,12.409630,1.2894,1.2894
16.800000,12.417104,1.2992,1.2992
16.850870,12.424858,1.2984,1.2984
16.901629,12.432939,1.2886,1.2886
16.953149,12.441392,1.2788,1.2788
17.004451,12.450257,1.2984,1.2984
17.056412,12.459572,1.3083,1.3083
17.108055,12.469372,1.2984,1.2984
17.160259,12.479690,1.2886,1.2886
17.212921,12.490556,1.2788,1.2788
17.265070,12.501997,1.2984,1.2984
17.317591,12.515020,1.3083,1.3083
17.370386,12.528780,1.2984,1.2984
17.423361,12.543299,1.2886,1.2886
17.476424,12.558593,1.2886,1.2886
17.529485,12.574680,1.2984,1.2984
17.581589,12.591571,1.3083,1.3083
17.633634,12.609277,1.2783,1.2783
17.685537,12.627804,1.2984,1.2984
17.737217,12.647157,1.3083,1.3083
17.788596,12.668322,1.2783,1.2783
17.839600,12.690430,1.2984,1.2984
17.889287,12.713479,1.2583,1.2583
17.938568,12.737466,1.2783,1.2783
17.987376,12.762383,1.2583,1.2583
18.035642,12.788221,1.2783,1.2783
18.083305,12.815950,1.2583,1.2583
18.130303,12.844690,1.2783,1.2783
18.176578,12.874423,1.2583,1.2583
18.221205,12.905131,1.2384,1.2384
18.265114,12.936794,1.2583,1.2583
18.308252,12.969387,1.2384,1.2384
18.350570,13.003868,1.2288,1.2288
18.392021,13.039340,1.2288,1.2288
18.432561,13.075774,1.2191,1.2191
18.472150,13.113136,1.2094,1.2094
18.510750,13.151392,1.1997,1.1997
18.547454,13.190504,1.1997,1.1997
18.583212,13.230429,1.1900,1.1900
18.618863,13.271126,1.1900,1.1900
18.653394,13.312547,1.1900,1.1900
18.686781,13.354642,1.1598,1.1598
18.719003,13.398345,1.1900,1.1900
18.750043,13.442732,1.1900,1.1900
18.779884,13.487749,1.1598,1.1598
18.808513,13.533337,1.1598,1.1598
18.835922,13.579436,1.1297,1.1297
18.862972,13.626967,1.1394,1.1394
18.888678,13.674996,1.1092,1.1092
18.913042,13.723458,1.1189,1.1189
18.936937,13.772281,1.0888,1.0888
18.959389,13.821396,1.0984,1.0984
18.980412,13.871710,1.0886,1.0886
19.000889,13.922280,1.0984,1.0984
19.019859,13.973028,1.0886,1.0886
19.038215,14.023872,1.0788,1.0788
19.055873,14.074731,1.0984,1.0984
19.071883,14.125517,1.0886,1.0886
19.087154,14.177127,1.0788,1.0788
19.100744,14.228600,1.1189,1.1189
19.113571,14.279847,1.1091,1.1091
19.125573,14.331755,1.0992,1.0992
19.135822,14.383361,1.0894,1.0894
19.145250,14.435551,1.0795,1.0795
19.153809,14.488229,1.1197,1.1197
19.161457,14.540312,1.1098,1.1098
19.168155,14.592684,1.1000,1.1000
19.173875,14.644376,1.1000,1.1000
19.178589,14.696267,1.1000,1.1000
19.182279,14.748371,1.1000,1.1000
19.184930,14.799714,1.1098,1.1098
19.186534,14.852043,1.1295,1.1295
19.187088,14.903403,1.1394,1.1394
19.186594,14.955540,1.1492,1.1492
19.185062,15.007483,1.1591,1.1591
19.182506,15.059242,1.1689,1.1689
19.178944,15.110715,1.1788,1.1788
19.174403,15.161798,1.1886,1.1886
19.168913,15.212502,1.1984,1.1984
19.162512,15.263709,1.2083,1.2083
19.155242,15.314449,1.2384,1.2384
19.147150,15.365606,1.1984,1.1984
19.138291,15.417082,1.2083,1.2083
19.127739,15.467913,1.2384,1.2384
19.116426,15.518989,1.2583,1.2583
19.103436,15.569347,1.2783,1.2783
19.089709,15.619880,1.2686,1.2686
19.074338,15.669630,1.2988,1.2988
19.058270,15.719492,1.3181,1.3181
19.040608,15.768509,1.3084,1.3084
19.021323,15.817580,1.3386,1.3386
19.001377,15.866622,1.3688,1.3688
18.979880,15.915554,1.3591,1.3591
18.956818,15.963428,1.3892,1.3892
18.932177,16.011151,1.3795,1.3795
18.905948,16.058649,1.4097,1.4097
18.878123,16.105849,1.4000,1.4000
18.849683,16.151812,1.4000,1.4000
18.819759,16.197453,1.4000,1.4000
18.788356,16.242707,1.4000,1.4000
18.755480,16.287508,1.4398,1.4398
18.721142,16.330928,1.4398,1.4398
18.685354,16.373888,1.4398,1.4398
18.649115,16.416332,1.4495,1.4495
18.611578,16.458205,1.4894,1.4894
18.572766,16.499453,1.4592,1.4592
18.532706,16.539158,1.4689,1.4689
18.491427,16.578255,1.4786,1.4786
18.448963,16.616697,1.4883,1.4883
18.405348,16.654440,1.5281,1.5281
18.361605,16.691443,1.4980,1.4980
18.316908,16.727669,1.5184,1.5184
18.271303,16.762211,1.5281,1.5281
18.224840,16.796020,1.4980,1.4980
18.177570,16.829062,1.5184,1.5184
18.129550,16.861307,1.5281,1.5281
18.080837,16.892730,1.4980,1.4980
18.031491,16.923306,1.5280,1.5280
17.982561,16.952143,1.5378,1.5378
17.933246,16.980206,1.5280,1.5280
17.882633,17.007475,1.5378,1.5378
17.831665,17.033935,1.5280,1.5280
17.780416,17.059574,1.5378,1.5378
17.728964,17.084381,1.5280,1.5280
17.677389,17.107480,1.5378,1.5378
17.625775,17.129847,1.5280,1.5280
17.574208,17.151479,1.5680,1.5680
17.522776,17.172374,1.5378,1.5378
17.470588,17.192534,1.5280,1.5280
17.418605,17.211962,1.5378,1.5378
17.366921,17.230667,1.5280,1.5280
17.314650,17.247787,1.5181,1.5181
17.262760,17.264317,1.5378,1.5378
17.211349,17.280269,1.5280,1.5280
17.159538,17.295660,1.5181,1.5181
17.108298,17.310508,1.5000,1.5000
17.056753,17.324833,1.5098,1.5098
17.004892,17.338660,1.5181,1.5181
16.953693,17.352016,1.4795,1.4795
16.902279,17.364060,1.4894,1.4894
16.851629,17.375806,1.4992,1.4992
16.800870,17.387288,1.5000,1.5000
16.750000,17.398539,1.4980,1.4980
16.700000,17.409598,1.4598,1.4598
16.650000,17.420507,1.4697,1.4697
16.600000,17.430324,1.4795,1.4795
16.550000,17.439963,1.4894,1.4894
16.500000,17.449472,1.4780,1.4780
16.450000,17.458898,1.4500,1.4500
16.400000,17.467426,1.4500,1.4500
16.350000,17.476090,1.4500,1.4500
16.300000,17.484947,1.4598,1.4598
16.250000,17.493069,1.4681,1.4681
16.200000,17.501386,1.4295,1.4295
16.150000,17.508972,1.4394,1.4394
16.100000,17.516759,1.4492,1.4492
16.050000,17.524810,1.4500,1.4500
16.000000,17.532208,1.4500,1.4500
15.950000,17.539888,1.4500,1.4500
15.900000,17.547050,1.4484,1.4484
15.850000,17.553763,1.4197,1.4197
15.800000,17.560966,1.4295,1.4295
15.750000,17.567747,1.4394,1.4394
15.700000,17.574063,1.4492,1.4492
15.650000,17.580857,1.4492,1.4492
15.600000,17.587219,1.4394,1.4394
15.550000,17.594094,1.4295,1.4295
15.500000,17.600575,1.4098,1.4098
15.450000,17.607609,1.4197,1.4197
15.400000,17.614294,1.4295,1.4295
15.350000,17.621579,1.4394,1.4394
15.300000,17.628563,1.4394,1.4394
15.250000,17.634345,1.4295,1.4295
15.200000,17.639875,1.4197,1.4197
15.150000,17.646105,1.4098,1.4098
15.100000,17.652133,1.4000,1.4000
15.050000,17.657928,1.4000,1.4000
15.000000,17.663459,1.4098,1.4098
14.950000,17.669680,1.4197,1.4197
14.900000,17.675691,1.4197,1.4197
14.850000,17.681465,1.4098,1.4098
14.800000,17.686974,1.4000,1.4000
14.750000,17.692303,1.3992,1.3992
14.700000,17.697540,1.3894,1.3894
14.650000,17.702654,1.4000,1.4000
14.600000,17.707619,1.4000,1.4000
14.550000,17.712406,1.4098,1.4098
14.500000,17.717972,1.4000,1.4000
14.450000,17.723420,1.4000,1.4000
14.400000,17.728726,1.3992,1.3992
14.350000,17.733863,1.3894,1.3894
14.300000,17.738807,1.3795,1.3795
14.250000,17.743532,1.3697,1.3697
14.200000,17.748128,1.3598,1.3598
14.150000,17.752682,1.4000,1.4000
14.100000,17.757170,1.4000,1.4000
14.050000,17.761566,1.4000,1.4000
14.000000,17.765845,1.3992,1.3992
13.950000,17.769982,1.3894,1.3894
13.900000,17.774935,1.3795,1.3795
13.850000,17.779811,1.3697,1.3697
13.800000,17.784589,1.3598,1.3598
13.750000,17.789245,1.3500,1.3500
13.700000,17.793758,1.3500,1.3500
13.650000,17.798103,1.3500,1.3500
13.600000,17.803244,1.4000,1.4000
13.550000,17.808291,1.4000,1.4000
13.500000,17.813223,1.3992,1.3992
13.450000,17.818020,1.3894,1.3894
13.400000,17.822664,1.3795,1.3795
13.350000,17.827134,1.3697,1.3697
13.300000,17.831411,1.3598,1.3598
13.250000,17.836459,1.3500,1.3500
13.200000,17.841391,1.3500,1.3500
13.150000,17.846191,1.3500,1.3500
13.100000,17.850841,1.4000,1.4000
13.050000,17.855324,1.4000,1.4000
13.000000,17.859624,1.3992,1.3992
12.950000,17.863723,1.3894,1.3894
12.900000,17.866734,1.3795,1.3795
12.850000,17.870607,1.3697,1.3697
12.800000,17.874455,1.3598,1.3598
12.750000,17.878260,1.3500,1.3500
12.700000,17.882007,1.3500,1.3500
12.650000,17.885676,1.3500,1.3500
12.600000,17.889253,1.3500,1.3500
12.550000,17.892719,1.3500,1.3500
12.500000,17.896059,1.3500,1.3500
12.450000,17.899254,1.3500,1.3500
12.400000,17.902288,1.4000,1.4000
12.350000,17.906129,1.3992,1.3992
12.300000,17.909893,1.3894,1.3894
12.250000,17.912694,1.3795,1.3795
12.200000,17.915501,1.3697,1.3697
12.150000,17.918297,1.3598,1.3598
12.100000,17.921064,1.3500,1.3500
12.050000,17.923787,1.3500,1.3500
12.000000,17.926447,1.3500,1.3500
11.950000,17.929028,1.3500,1.3500
11.900000,17.931513,1.3500,1.3500
11.850000,17.934869,1.3500,1.3500
11.800000,17.938213,1.3500,1.3500
11.750000,17.941530,1.3500,1.3500
11.700000,17.944807,1.3500,1.3500
11.650000,17.948028,1.3500,1.3500
11.600000,17.951179,1.4000,1.4000
11.550000,17.954248,1.4000,1.4000
11.500000,17.957219,1.4000,1.4000
11.450000,17.960079,1.3992,1.3992
11.400000,17.962812,1.3894,1.3894
11.350000,17.965406,1.3795,1.3795
11.300000,17.967847,1.3697,1.3697
11.250000,17.970119,1.3598,1.3598
11.200000,17.973193,1.3500,1.3500
11.150000,17.976189,1.3500,1.3500
11.100000,17.979094,1.3500,1.3500
11.050000,17.981897,1.3500,1.3500
11.000000,17.984587,1.3500,1.3500
10.950000,17.987153,1.3500,1.3500
10.900000,17.989584,1.3500,1.3500
10.850000,17.991868,1.3500,1.3500
10.800000,17.993993,1.3500,1.3500
10.750000,17.995949,1.3500,1.3500
10.700000,17.998709,1.3500,1.3500
10.650000,18.001394,1.4000,1.4000
10.600000,18.003126,1.4000,1.4000
10.550000,18.004877,1.4000,1.4000
10.500000,18.006637,1.4000,1.4000
10.450000,18.008394,1.4000,1.4000
10.400000,18.010136,1.4000,1.4000
10.350000,18.011854,1.4000,1.4000
10.300000,18.013535,1.4000,1.4000
10.250000,18.015167,1.4000,1.4000
10.200000,18.016741,1.4000,1.4000
10.150000,18.019228,1.4000,1.4000
10.100000,18.021751,1.4000,1.4000
10.050000,18.024300,1.4000,1.4000
10.000000,18.026868,1.4000,1.4000
9.950000,18.029445,1.4000,1.4000
9.900000,18.032025,1.4000,1.4000
9.850000,18.034597,1.4000,1.4000
9.800000,18.037153,1.4000,1.4000
9.750000,18.039686,1.4000,1.4000
9.700000,18.042186,1.4000,1.4000
9.650000,18.044645,1.4000,1.4000
9.600000,18.047054,1.3992,1.3992
9.550000,18.049406,1.3894,1.3894
9.500000,18.051691,1.4295,1.4295
9.450000,18.053902,1.4197,1.4197
9.400000,18.056029,1.4098,1.4098
9.350000,18.058065,1.4000,1.4000
9.300000,18.060000,1.4000,1.4000
9.250000,18.061826,1.4000,1.4000
9.200000,18.063535,1.4000,1.4000
9.150000,18.065119,1.4000,1.4000
9.100000,18.066568,1.4000,1.4000
9.050000,18.067875,1.4000,1.4000
9.000000,18.069031,1.4000,1.4000
8.950000,18.070027,1.4000,1.4000
8.900000,18.070855,1.4000,1.4000
8.850000,18.072491,1.4000,1.4000
8.800000,18.074059,1.4000,1.4000
8.750000,18.075554,1.4000,1.4000
8.700000,18.076970,1.4000,1.4000
8.650000,18.078301,1.4000,1.4000
8.600000,18.079542,1.4000,1.4000
8.550000,18.080686,1.4000,1.4000
8.500000,18.081729,1.4000,1.4000
8.450000,18.082665,1.4000,1.4000
8.400000,18.083488,1.4000,1.4000
8.350000,18.084192,1.4000,1.4000
8.300000,18.084772,1.4098,1.4098
8.250000,18.085222,1.4197,1.4197
8.200000,18.086520,1.4295,1.4295
8.150000,18.087795,1.4394,1.4394
8.100000,18.089043,1.4492,1.4492
8.050000,18.090262,1.4500,1.4500
8.000000,18.091448,1.4500,1.4500
7.950000,18.092598,1.4500,1.4500
7.900000,18.093711,1.4500,1.4500
7.850000,18.094782,1.4500,1.4500
7.800000,18.095810,1.4500,1.4500
7.750000,18.096791,1.4500,1.4500
7.700000,18.097723,1.4500,1.4500
7.650000,18.098602,1.4500,1.4500
7.600000,18.099427,1.4500,1.4500
7.550000,18.100193,1.4500,1.4500
7.500000,18.100899,1.4500,1.4500
7.450000,18.101541,1.4500,1.4500
7.400000,18.102117,1.4500,1.4500
7.350000,18.102624,1.4500,1.4500
7.300000,18.103058,1.4500,1.4500
7.250000,18.103418,1.4598,1.4598
7.200000,18.104570,1.4697,1.4697
7.150000,18.105531,1.4795,1.4795
7.100000,18.106299,1.4894,1.4894
7.050000,18.106875,1.4992,1.4992
7.000000,18.107259,1.5000,1.5000
6.950000,18.107451,1.5000,1.5000
6.900000,18.107451,1.5000,1.5000
6.850000,18.107259,1.5000,1.5000
6.800000,18.106875,1.5000,1.5000
6.750000,18.106299,1.5000,1.5000
6.700000,18.105531,1.5000,1.5000
6.650000,18.104570,1.5000,1.5000
6.600000,18.103418,1.5000,1.5000
6.550000,18.103058,1.5000,1.5000
6.500000,18.102624,1.5000,1.5000
6.450000,18.102117,1.5000,1.5000
6.400000,18.101541,1.5000,1.5000
6.350000,18.100899,1.5000,1.5000
6.300000,18.100193,1.5000,1.5000
6.250000,18.099427,1.5000,1.5000
6.200000,18.098602,1.5000,1.5000
6.150000,18.097723,1.5000,1.5000
6.100000,18.096791,1.5000,1.5000
6.050000,18.096680,1.5000,1.5000
6.000000,18.096411,1.5000,1.5000
5.950000,18.095989,1.5000,1.5000
5.900000,18.095421,1.5000,1.5000
5.850000,18.094711,1.5098,1.5098
5.800000,18.093866,1.5197,1.5197
5.750000,18.092891,1.5295,1.5295
5.700000,18.091791,1.5394,1.5394
5.650000,18.090573,1.5492,1.5492
5.600000,18.089242,1.5500,1.5500
5.550000,18.087804,1.5500,1.5500
5.500000,18.086263,1.5500,1.5500
5.450000,18.084627,1.5500,1.5500
5.400000,18.082901,1.5500,1.5500
5.350000,18.081090,1.5500,1.5500
5.300000,18.079199,1.5500,1.5500
5.250000,18.078106,1.5500,1.5500
5.200000,18.076833,1.5500,1.5500
5.150000,18.075389,1.5500,1.5500
5.100000,18.073783,1.5500,1.5500
5.050000,18.072023,1.5500,1.5500
5.000000,18.070118,1.5500,1.5500
4.950000,18.068075,1.5500,1.5500
4.900000,18.065904,1.5500,1.5500
4.850000,18.063613,1.5500,1.5500
4.800000,18.062081,1.5500,1.5500
4.750000,18.060334,1.5500,1.5500
4.700000,18.058383,1.5500,1.5500
4.650000,18.056241,1.5500,1.5500
4.600000,18.053917,1.5500,1.5500
4.550000,18.051425,1.5500,1.5500
4.500000,18.048774,1.6000,1.6000
4.450000,18.046846,1.6000,1.6000
4.400000,18.044672,1.6000,1.6000
4.350000,18.042264,1.6000,1.6000
4.300000,18.039638,1.6000,1.6000
4.250000,18.036806,1.6000,1.6000
4.200000,18.033784,1.6000,1.6000
4.150000,18.030586,1.5992,1.5992
4.100000,18.028095,1.5894,1.5894
4.050000,18.025345,1.5795,1.5795
4.000000,18.022351,1.5697,1.5697
3.950000,18.019132,1.5598,1.5598
3.900000,18.015704,1.5500,1.5500
3.850000,18.012953,1.5500,1.5500
3.800000,18.009916,1.5500,1.5500
3.750000,18.006613,1.5500,1.5500
3.700000,18.003062,1.5500,1.5500
3.650000,17.999283,1.6000,1.6000
3.600000,17.995298,1.6000,1.6000
3.550000,17.991994,1.6000,1.6000
3.500000,17.988411,1.6000,1.6000
3.450000,17.984571,1.6000,1.6000
3.400000,17.980496,1.6000,1.6000
3.350000,17.976210,1.6000,1.6000
3.300000,17.971734,1.6000,1.6000
3.250000,17.967962,1.6000,1.6000
3.200000,17.963935,1.6000,1.6000
3.150000,17.958692,1.6000,1.6000
3.100000,17.953128,1.6000,1.6000
3.050000,17.948135,1.6500,1.6500
3.000000,17.942753,1.6500,1.6500
2.950000,17.937008,1.6500,1.6500
2.900000,17.930926,1.6492,1.6492
2.850000,17.924531,1.6394,1.6394
2.800000,17.918720,1.6295,1.6295
2.750000,17.912537,1.6197,1.6197
2.700000,17.906009,1.6098,1.6098
2.650000,17.900034,1.6000,1.6000
2.600000,17.893660,1.6500,1.6500
2.550000,17.886918,1.6500,1.6500
2.500000,17.879837,1.6500,1.6500
2.450000,17.873321,1.6500,1.6500
2.400000,17.866418,1.6500,1.6500
2.350000,17.860032,1.6500,1.6500
2.300000,17.853215,1.6500,1.6500
2.250000,17.846874,1.7000,1.7000
2.200000,17.840065,1.7000,1.7000
2.150000,17.833696,1.7000,1.7000
2.100000,17.826826,1.6992,1.6992
2.050000,17.820367,1.6894,1.6894
2.000000,17.813266,1.6795,1.6795
1.950000,17.805453,1.6697,1.6697
1.900000,17.797844,1.7098,1.7098
1.850000,17.790372,1.7000,1.7000
1.799130,17.782973,1.7000,1.7000
1.748371,17.775588,1.7000,1.7000
1.697721,17.768158,1.7000,1.7000
1.646307,17.760627,1.7000,1.7000
1.594238,17.752945,1.7000,1.7000
1.541619,17.745061,1.7492,1.7492
1.488553,17.736928,1.7394,1.7394
1.436011,17.728504,1.7295,1.7295
1.383109,17.719746,1.7197,1.7197
1.329944,17.710618,1.7098,1.7098
1.276610,17.701083,1.7000,1.7000
1.223200,17.691109,1.7500,1.7500
1.169803,17.679682,1.7500,1.7500
1.117374,17.667643,1.7500,1.7500
1.065015,17.654964,1.7500,1.7500
1.012810,17.641622,1.7992,1.7992
0.960840,17.627595,1.7894,1.7894
0.909181,17.612865,1.7795,1.7795
0.857908,17.597417,1.8197,1.8197
0.807095,17.581237,1.8098,1.8098
0.756809,17.564317,1.8000,1.8000
0.707117,17.545664,1.8500,1.8500
0.658084,17.526141,1.8492,1.8492
0.609768,17.505744,1.8394,1.8394
0.562229,17.484472,1.8795,1.8795
0.515522,17.462327,1.8697,1.8697
0.469698,17.439311,1.9098,1.9098
0.424807,17.415434,1.9000,1.9000
0.380896,17.389719,1.9500,1.9500
0.338009,17.363047,1.9477,1.9477
0.296186,17.335430,1.9878,1.9878
0.255465,17.306885,1.9878,1.9878
0.215883,17.277429,2.0272,2.0272
0.177471,17.247083,1.9992,1.9992
0.140259,17.215873,1.9492,1.9492
0.104273,17.182839,1.9500,1.9500
0.069539,17.148879,1.9000,1.9000
0.036077,17.114023,1.8500,1.8500
0.003905,17.078303,1.8500,1.8500
-0.026962,17.041754,1.8000,1.8000
-0.056509,17.003431,1.7500,1.7500
-0.084728,16.964240,1.7500,1.7500
-0.111611,16.924224,1.7000,1.7000
-0.137155,16.883425,1.7000,1.7000
-0.161357,16.841892,1.6500,1.6500
-0.184220,16.799672,1.6500,1.6500
-0.205746,16.755834,1.6000,1.6000
-0.225945,16.711300,1.6000,1.6000
-0.244825,16.666125,1.6000,1.6000
-0.262398,16.620367,1.5500,1.5500
-0.278682,16.574087,1.5500,1.5500
-0.293693,16.527349,1.5500,1.5500
-0.307454,16.479233,1.5000,1.5000
-0.319987,16.430678,1.5000,1.5000
-0.331321,16.381751,1.5000,1.5000
-0.341484,16.332525,1.5000,1.5000
-0.350510,16.282090,1.4500,1.4500
-0.358433,16.231392,1.4500,1.4500
-0.365291,16.180507,1.4500,1.4500
-0.371126,16.129517,1.4500,1.4500
-0.375981,16.078505,1.4500,1.4500
-0.379903,16.026572,1.4500,1.4500
-0.382941,15.974674,1.4500,1.4500
-0.385148,15.922901,1.4500,1.4500
-0.386579,15.870360,1.4500,1.4500
-0.387291,15.818012,1.4500,1.4500
-0.387345,15.765953,1.4500,1.4500
-0.386805,15.714280,1.4500,1.4500
-0.385737,15.662108,1.4500,1.4500
-0.384211,15.610408,1.4500,1.4500
-0.382297,15.558298,1.4500,1.4500
-0.380072,15.506753,1.4500,1.4500
-0.377613,15.454892,1.4500,1.4500
-0.375001,15.403693,1.4500,1.4500
-0.372318,15.352279,1.4500,1.4500
-0.369650,15.301629,1.4500,1.4500
-0.367088,15.250870,1.4500,1.4500
-0.364722,15.200000,1.4500,1.4500
-0.362647,15.150000,1.4500,1.4500
-0.360961,15.100000,1.4500,1.4500
-0.359764,15.050000,1.4500,1.4500
-0.358174,15.000000,1.4500,1.4500
-0.357165,14.950000,1.4500,1.4500
-0.356843,14.900000,1.4492,1.4492
-0.356331,14.850000,1.4394,1.4394
-0.355624,14.800000,1.4295,1.4295
-0.354717,14.750000,1.4197,1.4197
-0.354474,14.700000,1.4098,1.4098
-0.354892,14.650000,1.4000,1.4000
-0.355101,14.600000,1.4000,1.4000
-0.355101,14.550000,1.4000,1.4000
-0.354892,14.500000,1.4000,1.4000
-0.354474,14.450000,1.4000,1.4000
-0.353847,14.400000,1.4000,1.4000
-0.353996,14.350000,1.4000,1.4000
-0.354052,14.300000,1.4000,1.4000
-0.354020,14.250000,1.4000,1.4000
-0.353902,14.200000,1.4000,1.4000
-0.353700,14.150000,1.4000,1.4000
-0.353418,14.100000,1.4000,1.4000
-0.353058,14.050000,1.4000,1.4000
-0.352624,14.000000,1.4000,1.4000
-0.352117,13.950000,1.4000,1.4000
-0.351541,13.900000,1.4000,1.4000
-0.350899,13.850000,1.4000,1.4000
-0.350193,13.800000,1.4000,1.4000
-0.349427,13.750000,1.4500,1.4500
-0.348602,13.700000,1.4500,1.4500
-0.347723,13.650000,1.4500,1.4500
-0.346791,13.600000,1.4500,1.4500
-0.345810,13.550000,1.4500,1.4500
-0.344782,13.500000,1.4500,1.4500
-0.343711,13.450000,1.4500,1.4500
-0.342598,13.400000,1.4500,1.4500
-0.341448,13.350000,1.4500,1.4500
-0.340262,13.300000,1.4500,1.4500
-0.339043,13.250000,1.4500,1.4500
-0.337795,13.200000,1.4500,1.4500
-0.336520,13.150000,1.4500,1.4500
-0.335222,13.100000,1.4500,1.4500
-0.333902,13.050000,1.4500,1.4500
-0.332563,13.000000,1.4492,1.4492
-0.331209,12.950000,1.4394,1.4394
-0.329843,12.900000,1.4295,1.4295
-0.328466,12.850000,1.4197,1.4197
-0.327082,12.800000,1.4098,1.4098
-0.325695,12.750000,1.4000,1.4000
-0.324305,12.700000,1.4000,1.4000
-0.322918,12.650000,1.4000,1.4000
-0.321534,12.600000,1.4000,1.4000
-0.320157,12.550000,1.4000,1.4000
-0.318791,12.500000,1.4000,1.4000
-0.317437,12.450000,1.4000,1.4000
-0.316098,12.400000,1.4000,1.4000
-0.314778,12.350000,1.4000,1.4000
-0.313480,12.300000,1.4000,1.4000
-0.313075,12.250000,1.4000,1.4000
-0.312585,12.200000,1.4000,1.4000
-0.312017,12.150000,1.4000,1.4000
-0.311375,12.100000,1.4000,1.4000
-0.310665,12.050000,1.4000,1.4000
-0.309893,12.000000,1.4000,1.4000
-0.309065,11.950000,1.4000,1.4000
-0.308186,11.900000,1.4000,1.4000
-0.307261,11.850000,1.4000,1.4000
-0.306297,11.800000,1.4000,1.4000
-0.305300,11.750000,1.4000,1.4000
-0.304274,11.700000,1.4000,1.4000
-0.303225,11.650000,1.4000,1.4000
-0.302159,11.600000,1.3992,1.3992
-0.301083,11.550000,1.3894,1.3894
-0.300000,11.500000,1.3795,1.3795
-0.298917,11.450000,1.4000,1.4000
-0.297841,11.400000,1.4000,1.4000
-0.296775,11.350000,1.4000,1.4000
-0.295726,11.300000,1.4000,1.4000
-0.294700,11.250000,1.4000,1.4000
-0.293703,11.200000,1.4000,1.4000
-0.292739,11.150000,1.4000,1.4000
-0.291814,11.100000,1.4000,1.4000
-0.290935,11.050000,1.4000,1.4000
-0.290107,11.000000,1.4000,1.4000
-0.289335,10.950000,1.4000,1.4000
-0.288625,10.900000,1.4000,1.4000
-0.287983,10.850000,1.4000,1.4000
-0.287415,10.800000,1.4000,1.4000
-0.286925,10.750000,1.4000,1.4000
-0.287391,10.700000,1.4000,1.4000
-0.286850,10.650000,1.4000,1.4000
-0.286180,10.600000,1.4000,1.4000
-0.285386,10.550000,1.4000,1.4000
-0.284473,10.500000,1.4000,1.4000
-0.283447,10.450000,1.4000,1.4000
-0.282313,10.400000,1.3992,1.3992
-0.281078,10.350000,1.3894,1.3894
-0.279747,10.300000,1.3795,1.3795
-0.278326,10.250000,1.3697,1.3697
-0.276820,10.200000,1.3598,1.3598
-0.275234,10.150000,1.3500,1.3500
-0.273576,10.100000,1.3500,1.3500
-0.271849,10.050000,1.3500,1.3500
-0.270061,10.000000,1.3500,1.3500
-0.268215,9.950000,1.3500,1.3500
-0.266320,9.900000,1.3500,1.3500
-0.264378,9.850000,1.3500,1.3500
-0.262398,9.800000,1.3500,1.3500
-0.260383,9.750000,1.3500,1.3500
-0.258341,9.700000,1.3500,1.3500
-0.256275,9.650000,1.3500,1.3500
-0.254193,9.600000,1.3500,1.3500
-0.252099,9.550000,1.3500,1.3500
-0.250000,9.500000,1.3500,1.3500
-0.247901,9.450000,1.4000,1.4000
-0.245807,9.400000,1.4000,1.4000
-0.243725,9.350000,1.4000,1.4000
-0.241659,9.300000,1.4000,1.4000
-0.239617,9.250000,1.4000,1.4000
-0.237602,9.200000,1.3992,1.3992
-0.235622,9.150000,1.3894,1.3894
-0.233680,9.100000,1.3795,1.3795
-0.232655,9.050000,1.3697,1.3697
-0.231568,9.000000,1.3598,1.3598
-0.230429,8.950000,1.3500,1.3500
-0.229247,8.900000,1.3500,1.3500
-0.228029,8.850000,1.3500,1.3500
-0.226784,8.800000,1.3500,1.3500
-0.225521,8.750000,1.3500,1.3500
-0.224249,8.700000,1.3500,1.3500
-0.222974,8.650000,1.3500,1.3500
-0.221707,8.600000,1.3500,1.3500
-0.220455,8.550000,1.3500,1.3500
-0.219228,8.500000,1.3500,1.3500
-0.218032,8.450000,1.3500,1.3500
-0.216878,8.400000,1.3500,1.3500
-0.215773,8.350000,1.3500,1.3500
-0.214726,8.300000,1.3500,1.3500
-0.213746,8.250000,1.3500,1.3500
-0.211856,8.200000,1.3500,1.3500
-0.209931,8.150000,1.3492,1.3492
-0.207979,8.100000,1.3394,1.3394
-0.206874,8.050000,1.3295,1.3295
-0.205641,8.000000,1.3197,1.3197
-0.204287,7.950000,1.3098,1.3098
-0.202823,7.900000,1.3000,1.3000
-0.201255,7.850000,1.3000,1.3000
-0.199592,7.800000,1.3500,1.3500
-0.197843,7.750000,1.3500,1.3500
-0.196017,7.700000,1.3500,1.3500
-0.194121,7.650000,1.3500,1.3500
-0.192165,7.600000,1.3500,1.3500
-0.190156,7.550000,1.3500,1.3500
-0.188104,7.500000,1.3500,1.3500
-0.186016,7.450000,1.3500,1.3500
-0.183902,7.400000,1.3500,1.3500
-0.181769,7.350000,1.3500,1.3500
-0.179626,7.300000,1.3500,1.3500
-0.177482,7.250000,1.3500,1.3500
-0.175345,7.200000,1.3500,1.3500
-0.173223,7.150000,1.3500,1.3500
-0.171126,7.100000,1.3492,1.3492
-0.169931,7.050000,1.3394,1.3394
-0.168665,7.000000,1.3295,1.3295
-0.167340,6.950000,1.3197,1.3197
-0.165967,6.900000,1.3098,1.3098
-0.164558,6.850000,1.3000,1.3000
-0.163123,6.800000,1.3000,1.3000
-0.161674,6.750000,1.3000,1.3000
-0.160222,6.700000,1.3000,1.3000
-0.157794,6.650000,1.3000,1.3000
-0.155268,6.600000,1.3000,1.3000
-0.152654,6.550000,1.3000,1.3000
-0.149959,6.500000,1.3500,1.3500
-0.147192,6.450000,1.3500,1.3500
-0.144362,6.400000,1.3500,1.3500
-0.141476,6.350000,1.3500,1.3500
-0.138544,6.300000,1.3500,1.3500
-0.135574,6.250000,1.3500,1.3500
-0.132574,6.200000,1.3500,1.3500
-0.129553,6.150000,1.3500,1.3500
-0.126519,6.100000,1.3500,1.3500
-0.123481,6.050000,1.3492,1.3492
-0.120447,6.000000,1.3394,1.3394
-0.117426,5.950000,1.3295,1.3295
-0.114426,5.900000,1.3197,1.3197
-0.111456,5.850000,1.3098,1.3098
-0.108524,5.800000,1.3000,1.3000
-0.105638,5.750000,1.3000,1.3000
-0.103678,5.700000,1.3000,1.3000
-0.101670,5.650000,1.3000,1.3000
-0.099625,5.600000,1.3500,1.3500
-0.097554,5.550000,1.3500,1.3500
-0.095470,5.500000,1.3500,1.3500
-0.093382,5.450000,1.3500,1.3500
-0.091303,5.400000,1.3500,1.3500
-0.089244,5.350000,1.3500,1.3500
-0.087216,5.300000,1.3500,1.3500
-0.085230,5.250000,1.3500,1.3500
-0.083298,5.200000,1.3500,1.3500
-0.081431,5.150000,1.3500,1.3500
-0.079640,5.100000,1.3500,1.3500
-0.077937,5.050000,1.3492,1.3492
-0.075348,5.000000,1.3394,1.3394
-0.072752,4.950000,1.3295,1.3295
-0.070157,4.900000,1.3197,1.3197
-0.067573,4.850000,1.3098,1.3098
-0.065006,4.800000,1.3000,1.3000
-0.062467,4.750000,1.3000,1.3000
-0.059962,4.700000,1.3000,1.3000
-0.057502,4.650000,1.3000,1.3000
-0.055094,4.600000,1.3000,1.3000
-0.052746,4.550000,1.3000,1.3000
-0.050468,4.500000,1.3000,1.3000
-0.048267,4.450000,1.3500,1.3500
-0.046153,4.400000,1.3500,1.3500
-0.044133,4.350000,1.3500,1.3500
-0.042216,4.300000,1.3500,1.3500
-0.041281,4.250000,1.3500,1.3500
-0.040354,4.200000,1.3500,1.3500
-0.039448,4.150000,1.3500,1.3500
-0.038572,4.100000,1.3500,1.3500
-0.037738,4.050000,1.3492,1.3492
-0.035974,4.000000,1.3394,1.3394
-0.034157,3.950000,1.3295,1.3295
-0.032297,3.900000,1.3197,1.3197
-0.030401,3.850000,1.3098,1.3098
-0.028479,3.800000,1.3000,1.3000
-0.026538,3.750000,1.3000,1.3000
-0.024588,3.700000,1.3000,1.3000
-0.022635,3.650000,1.3000,1.3000
-0.020690,3.600000,1.3000,1.3000
-0.018761,3.550000,1.3000,1.3000
-0.016855,3.500000,1.3000,1.3000
-0.014982,3.450000,1.3000,1.3000
-0.013150,3.400000,1.3000,1.3000
-0.011368,3.350000,1.3000,1.3000
-0.009643,3.300000,1.3000,1.3000
-0.007984,3.250000,1.3000,1.3000
-0.006401,3.200000,1.3000,1.3000
-0.005771,3.150000,1.3000,1.3000
-0.005121,3.100000,1.2992,1.2992
-0.004463,3.050000,1.2894,1.2894
-0.002823,3.000000,1.2795,1.2795
-0.001079,2.950000,1.2697,1.2697
0.000758,2.900000,1.3098,1.3098
0.002682,2.850000,1.3000,1.3000
0.004684,2.800000,1.3000,1.3000
0.006754,2.750000,1.3000,1.3000
0.008886,2.700000,1.3000,1.3000
0.011070,2.650000,1.3000,1.3000
0.013297,2.600000,1.3000,1.3000
0.015560,2.550000,1.3000,1.3000
0.017849,2.500000,1.3000,1.3000
0.020157,2.450000,1.3000,1.3000
0.022475,2.400000,1.3000,1.3000
0.024795,2.350000,1.3000,1.3000
0.027107,2.300000,1.3000,1.3000
0.029403,2.250000,1.3000,1.3000
0.030806,2.200000,1.3000,1.3000
0.032288,2.150000,1.3000,1.3000
0.033837,2.100000,1.2992,1.2992
0.035443,2.050000,1.2894,1.2894
0.037094,2.000000,1.2795,1.2795
0.038779,1.950000,1.2697,1.2697
0.040486,1.900000,1.2598,1.2598
0.042205,1.850000,1.2500,1.2500
0.043924,1.800000,1.2500,1.2500
0.045631,1.750000,1.2500,1.2500
0.047316,1.700000,1.2500,1.2500
0.049952,1.650000,1.2500,1.2500
0.052660,1.600000,1.3000,1.3000
0.055431,1.550000,1.3000,1.3000
0.058257,1.500000,1.3000,1.3000
0.061130,1.450000,1.3000,1.3000
0.064041,1.400000,1.3000,1.3000
0.066981,1.350000,1.3000,1.3000
0.069943,1.300000,1.3000,1.3000
0.072918,1.250000,1.3000,1.3000
0.075026,1.200000,1.3000,1.3000
0.077242,1.150000,1.2992,1.2992
0.079554,1.100000,1.2894,1.2894
0.081951,1.050000,1.2795,1.2795
0.084421,1.000000,1.2697,1.2697
0.086953,0.950000,1.2598,1.2598
0.089536,0.900000,1.2500,1.2500
0.092159,0.850000,1.2500,1.2500
0.094809,0.800000,1.2500,1.2500
0.097477,0.750000,1.2500,1.2500
0.100151,0.700000,1.3000,1.3000
0.102818,0.650000,1.3000,1.3000
0.105469,0.600000,1.3000,1.3000
0.108092,0.550000,1.3000,1.3000
0.110675,0.500000,1.3000,1.3000
0.113207,0.450000,1.3000,1.3000
0.115677,0.400000,1.3000,1.3000
0.118074,0.350000,1.3000,1.3000
0.120386,0.300000,1.3000,1.3000
0.122602,0.250000,1.3000,1.3000
0.125695,0.200000,1.2992,1.2992
0.128786,0.150000,1.2894,1.2894
0.131868,0.100000,1.2795,1.2795
0.134932,0.050000,1.2697,1.2697
0.137968,-0.000000,1.2598,1.2598
0.140970,-0.050000,1.2500,1.2500
0.143927,-0.100000,1.2500,1.2500
0.146832,-0.150000,1.2500,1.2500
0.149677,-0.200000,1.2500,1.2500
0.152452,-0.250000,1.3000,1.3000
0.155150,-0.300000,1.3000,1.3000
0.157762,-0.350000,1.3000,1.3000
0.160279,-0.400000,1.3000,1.3000
0.162692,-0.450000,1.3000,1.3000
0.164995,-0.500000,1.3000,1.3000
0.167177,-0.550000,1.3000,1.3000
0.169231,-0.600000,1.3000,1.3000
0.171148,-0.650000,1.3000,1.3000
0.172919,-0.700000,1.3000,1.3000
0.173666,-0.750000,1.2992,1.2992
0.174363,-0.800000,1.2894,1.2894
0.174997,-0.850000,1.2795,1.2795
0.176542,-0.900000,1.2697,1.2697
0.178120,-0.950000,1.2598,1.2598
0.179722,-1.000000,1.2500,1.2500
0.181340,-1.050000,1.2500,1.2500
0.182964,-1.100000,1.2500,1.2500
0.184587,-1.150000,1.2500,1.2500
0.186200,-1.200000,1.2500,1.2500
0.187795,-1.250000,1.2500,1.2500
0.189363,-1.300000,1.2500,1.2500
0.190896,-1.350000,1.2500,1.2500
0.192385,-1.400000,1.2500,1.2500
0.193822,-1.450000,1.2500,1.2500
0.195198,-1.500000,1.2500,1.2500
0.196504,-1.550000,1.2500,1.2500
0.197734,-1.600000,1.2500,1.2500
0.198006,-1.650000,1.2500,1.2500
0.198296,-1.700000,1.2500,1.2500
0.198592,-1.750000,1.2492,1.2492
0.198881,-1.800000,1.2394,1.2394
0.200139,-1.850000,1.2795,1.2795
0.201485,-1.900000,1.2697,1.2697
0.202912,-1.950000,1.2598,1.2598
0.203540,-2.000000,1.2500,1.2500
0.204344,-2.050000,1.2500,1.2500
0.205312,-2.100000,1.2500,1.2500
0.205562,-2.150000,1.2500,1.2500
0.205194,-2.200000,1.2500,1.2500
0.204307,-2.250000,1.2500,1.2500
0.202994,-2.300000,1.2500,1.2500
0.201348,-2.350000,1.2500,1.2500
0.199457,-2.400870,1.2000,1.2000
0.197408,-2.452499,1.2000,1.2000
0.195284,-2.503907,1.2000,1.2000
0.193165,-2.555971,1.2000,1.2000
0.191129,-2.608585,1.2000,1.2000
0.189250,-2.661645,1.2000,1.2000
0.187602,-2.714181,1.2000,1.2000
0.186253,-2.767078,1.1992,1.1992
0.185269,-2.820237,1.1894,1.1894
0.185699,-2.873565,1.1795,1.1795
0.186736,-2.926099,1.1697,1.1697
0.188440,-2.978732,1.1598,1.1598
0.190870,-3.031376,1.1500,1.1500
0.194081,-3.083943,1.1500,1.1500
0.198124,-3.136352,1.1500,1.1500
0.203050,-3.187650,1.2000,1.2000
0.208905,-3.238742,1.2000,1.2000
0.215732,-3.289551,1.2000,1.2000
0.223573,-3.340002,1.2000,1.2000
0.232466,-3.390022,1.2000,1.2000
0.242445,-3.439542,1.2000,1.2000
0.253545,-3.488497,1.2500,1.2500
0.265793,-3.535951,1.2500,1.2500
0.279218,-3.582828,1.2500,1.2500
0.293842,-3.629064,1.2500,1.2500
0.309688,-3.674604,1.3000,1.3000
0.326773,-3.719391,1.2992,1.2992
0.345113,-3.763373,1.2894,1.2894
0.364721,-3.806501,1.3295,1.3295
0.385607,-3.848729,1.3295,1.3295
0.407778,-3.890012,1.3697,1.3697
0.431237,-3.931180,1.3598,1.3598
0.455987,-3.971213,1.4000,1.4000
0.482026,-4.010079,1.4000,1.4000
0.509350,-4.047747,1.4500,1.4500
0.537951,-4.084191,1.4500,1.4500
0.567820,-4.119388,1.5000,1.5000
0.598944,-4.154185,1.5000,1.5000
0.631308,-4.187583,1.5098,1.5098
0.664893,-4.219569,1.5195,1.5195
0.699678,-4.250133,1.5594,1.5594
0.735639,-4.279269,1.5292,1.5292
0.772749,-4.307842,1.5389,1.5389
0.810979,-4.334869,1.5088,1.5088
0.850296,-4.360354,1.5184,1.5184
0.890664,-4.384304,1.5184,1.5184
0.932046,-4.407600,1.5281,1.5281
0.974401,-4.429272,1.4980,1.4980
1.018669,-4.449339,1.4780,1.4780
1.063937,-4.468691,1.4980,1.4980
1.110158,-4.487243,1.4780,1.4780
1.157282,-4.504910,1.5181,1.5181
1.206127,-4.521619,1.5083,1.5083
1.255657,-4.537297,1.4984,1.4984
1.305817,-4.551879,1.5386,1.5386
1.357418,-4.565307,1.5288,1.5288
1.409419,-4.577527,1.5189,1.5189
1.462628,-4.588491,1.5091,1.5091
1.516871,-4.598156,1.4992,1.4992
1.571103,-4.606486,1.5394,1.5394
1.626130,-4.613449,1.5295,1.5295
