x_m,y_m
1.836,-8.225
1.786,-8.175
1.736,-8.175
1.686,-8.175
1.636,-8.175
1.586,-8.175
1.536,-8.175
1.486,-8.175
1.436,-8.175
1.386,-8.175
1.336,-8.175
1.286,-8.175
1.236,-8.175
1.186,-8.175
1.136,-8.175
1.086,-8.125
1.036,-8.125
0.986,-8.175
0.936,-8.175
0.886,-8.175
0.836,-8.175
0.786,-8.175
0.736,-8.175
0.686,-8.175
0.636,-8.175
0.586,-8.175
0.536,-8.175
0.486,-8.175
0.436,-8.175
0.386,-8.175
0.336,-8.175
0.286,-8.175
0.236,-8.175
0.186,-8.175
0.136,-8.175
0.086,-8.175
0.036,-8.175
-0.014,-8.175
-0.064,-8.175
-0.114,-8.125
-0.164,-8.125
-0.214,-8.125
-0.264,-8.125
-0.314,-8.125
-0.364,-8.125
-0.414,-8.125
-0.464,-8.125
-0.514,-8.125
-0.564,-8.125
-0.614,-8.125
-0.664,-8.125
-0.714,-8.125
-0.764,-8.125
-0.814,-8.125
-0.864,-8.125
-0.914,-8.125
-0.964,-8.125
-1.014,-8.125
-1.064,-8.075
-1.114,-8.075
-1.164,-8.075
-1.214,-8.075
-1.264,-8.075
-1.314,-8.075
-1.364,-8.075
-1.414,-8.075
-1.464,-8.075
-1.514,-8.075
-1.564,-8.075
-1.614,-8.075
-1.664,-8.075
-1.714,-8.075
-1.764,-8.075
-1.814,-8.025
-1.864,-8.025
-1.914,-8.025
-1.964,-8.025
-2.014,-8.025
-2.064,-8.025
-2.114,-8.025
-2.164,-8.025
-2.214,-8.025
-2.264,-8.025
-2.314,-8.025
-2.364,-8.025
-2.414,-8.025
-2.464,-8.025
-2.514,-8.025
-2.564,-8.025
-2.614,-7.975
-2.664,-7.975
-2.714,-7.975
-2.764,-7.975
-2.814,-7.975
-2.864,-7.975
-2.914,-7.925
-2.964,-7.925
-3.014,-7.925
-3.064,-7.925
-3.114,-7.925
-3.164,-7.875
-3.214,-7.875
-3.264,-7.875
-3.314,-7.875
-3.364,-7.875
-3.414,-7.825
-3.464,-7.825
-3.514,-7.825
-3.564,-7.825
-3.614,-7.825
-3.664,-7.775
-3.714,-7.775
-3.764,-7.775
-3.814,-7.775
-3.864,-7.775
-3.914,-7.775
-3.964,-7.775
-4.014,-7.725
-4.064,-7.725
-4.114,-7.725
-4.164,-7.725
-4.214,-7.675
-4.264,-7.675
-4.314,-7.675
-4.364,-7.675
-4.414,-7.675
-4.464,-7.625
-4.514,-7.625
-4.564,-7.625
-4.614,-7.625
-4.664,-7.575
-4.714,-7.575
-4.764,-7.525
-4.814,-7.525
-4.864,-7.525
-4.914,-7.475
-4.964,-7.475
-5.014,-7.475
-5.064,-7.425
-5.114,-7.425
-5.164,-7.425
-5.214,-7.375
-5.264,-7.375
-5.314,-7.325
-5.364,-7.325
-5.414,-7.275
-5.464,-7.275
-5.514,-7.275
-5.564,-7.225
-5.614,-7.225
-5.664,-7.175
-5.714,-7.175
-5.764,-7.125
-5.814,-7.125
-5.864,-7.075
-5.914,-7.075
-5.964,-7.025
-6.014,-7.025
-6.064,-7.025
-6.114,-7.025
-6.164,-6.975
-6.214,-6.975
-6.264,-6.925
-6.314,-6.925
-6.364,-6.875
-6.414,-6.825
-6.464,-6.775
-6.514,-6.775
-6.564,-6.725
-6.614,-6.725
-6.664,-6.675
-6.714,-6.675
-6.764,-6.625
-6.814,-6.575
-6.864,-6.575
-6.914,-6.525
-6.964,-6.525
-7.014,-6.475
-7.064,-6.475
-7.114,-6.425
-7.164,-6.425
-7.214,-6.375
-7.264,-6.375
-7.314,-6.325
-7.364,-6.275
-7.414,-6.275
-7.464,-6.225
-7.514,-6.225
-7.564,-6.175
-7.614,-6.175
-7.664,-6.125
-7.714,-6.075
-7.764,-6.075
-7.814,-6.025
-7.864,-5.975
-7.914,-5.975
-7.964,-5.925
-8.014,-5.925
-8.064,-5.875
-8.114,-5.825
-8.164,-5.825
-8.214,-5.775
-8.264,-5.725
-8.314,-5.675
-8.364,-5.625
-8.414,-5.625
-8.464,-5.575
-8.514,-5.575
-8.564,-5.525
-8.614,-5.525
-8.664,-5.475
-8.714,-5.425
-8.764,-5.425
-8.814,-5.375
-8.864,-5.375
-8.914,-5.325
-8.964,-5.275
-9.014,-5.275
-9.064,-5.225
-9.114,-5.225
-9.164,-5.175
-9.214,-5.175
-9.264,-5.125
-9.314,-5.075
-9.364,-5.075
-9.414,-5.025
-9.464,-5.025
-9.514,-4.975
-9.564,-4.925
-9.614,-4.925
-9.664,-4.875
-9.714,-4.825
-9.764,-4.775
-9.814,-4.725
-9.864,-4.675
-9.914,-4.675
-9.964,-4.625
-10.014,-4.575
-10.064,-4.525
-10.114,-4.475
-10.164,-4.425
-10.214,-4.375
-10.264,-4.325
-10.314,-4.275
-10.364,-4.225
-10.414,-4.175
-10.414,-4.125
-10.464,-4.075
-10.514,-4.075
-10.564,-4.025
-10.614,-3.975
-10.614,-3.925
-10.614,-3.875
-10.664,-3.825
-10.714,-3.775
-10.764,-3.725
-10.764,-3.675
-10.814,-3.625
-10.864,-3.625
-10.914,-3.575
-10.914,-3.525
-10.914,-3.475
-10.914,-3.425
-10.964,-3.375
-10.964,-3.325
-10.964,-3.275
-10.964,-3.225
-11.014,-3.175
-11.014,-3.125
-11.014,-3.075
-11.014,-3.025
-11.064,-2.975
-11.064,-2.925
-11.064,-2.875
-11.064,-2.825
-11.114,-2.775
-11.114,-2.725
-11.114,-2.675
-11.114,-2.625
-11.164,-2.575
-11.164,-2.525
-11.164,-2.475
-11.164,-2.425
-11.164,-2.375
-11.214,-2.325
-11.214,-2.275
-11.214,-2.225
-11.214,-2.175
-11.264,-2.125
-11.264,-2.075
-11.264,-2.025
-11.264,-1.975
-11.314,-1.925
-11.314,-1.875
-11.314,-1.825
-11.314,-1.775
-11.364,-1.725
-11.364,-1.675
-11.364,-1.625
-11.364,-1.575
-11.414,-1.525
-11.414,-1.475
-11.414,-1.425
-11.414,-1.375
-11.464,-1.325
-11.464,-1.275
-11.464,-1.225
-11.464,-1.175
-11.464,-1.125
-11.464,-1.075
-11.464,-1.025
-11.514,-0.975
-11.514,-0.925
-11.514,-0.875
-11.514,-0.825
-11.514,-0.775
-11.514,-0.725
-11.514,-0.675
-11.514,-0.625
-11.514,-0.575
-11.564,-0.525
-11.564,-0.475
-11.564,-0.425
-11.564,-0.375
-11.564,-0.325
-11.564,-0.275
-11.564,-0.225
-11.564,-0.175
-11.564,-0.125
-11.614,-0.075
-11.614,-0.025
-11.614,0.025
-11.614,0.075
-11.614,0.125
-11.614,0.175
-11.614,0.225
-11.614,0.275
-11.664,0.325
-11.664,0.375
-11.664,0.425
-11.664,0.475
-11.664,0.525
-11.664,0.575
-11.664,0.625
-11.664,0.675
-11.664,0.725
-11.714,0.775
-11.714,0.825
-11.714,0.875
-11.714,0.925
-11.714,0.975
-11.714,1.025
-11.714,1.075
-11.714,1.125
-11.714,1.175
-11.714,1.225
-11.714,1.275
-11.714,1.325
-11.714,1.375
-11.714,1.425
-11.714,1.475
-11.714,1.525
-11.714,1.575
-11.714,1.625
-11.714,1.675
-11.714,1.725
-11.764,1.775
-11.764,1.825
-11.764,1.875
-11.764,1.925
-11.764,1.975
-11.764,2.025
-11.764,2.075
-11.764,2.125
-11.764,2.175
-11.764,2.225
-11.764,2.275
-11.764,2.325
-11.764,2.375
-11.764,2.425
-11.764,2.475
-11.764,2.525
-11.764,2.575
-11.764,2.625
-11.714,2.675
-11.714,2.725
-11.714,2.775
-11.714,2.825
-11.664,2.825
-11.614,2.825
-11.564,2.825
-11.514,2.825
-11.464,2.825
-11.414,2.825
-11.364,2.825
-11.314,2.825
-11.264,2.825
-11.214,2.825
-11.164,2.825
-11.114,2.825
-11.064,2.825
-11.014,2.825
-10.964,2.825
-10.914,2.875
-10.864,2.875
-10.814,2.875
-10.764,2.875
-10.714,2.875
-10.664,2.875
-10.614,2.875
-10.564,2.875
-10.514,2.875
-10.464,2.875
-10.414,2.875
-10.364,2.875
-10.314,2.875
-10.264,2.875
-10.214,2.875
-10.164,2.875
-10.114,2.875
-10.064,2.875
-10.014,2.875
-9.964,2.875
-9.914,2.875
-9.864,2.875
-9.814,2.875
-9.764,2.875
-9.714,2.875
-9.664,2.875
-9.614,2.875
-9.564,2.875
-9.514,2.875
-9.464,2.875
-9.414,2.875
-9.364,2.875
-9.314,2.875
-9.264,2.875
-9.214,2.875
-9.164,2.875
-9.114,2.875
-9.064,2.875
-9.014,2.875
-8.964,2.875
-8.914,2.875
-8.864,2.875
-8.814,2.875
-8.764,2.875
-8.714,2.925
-8.664,2.925
-8.614,2.925
-8.564,2.925
-8.514,2.925
-8.464,2.925
-8.414,2.925
-8.364,2.925
-8.314,2.925
-8.264,2.925
-8.214,2.925
-8.164,2.925
-8.114,2.925
-8.064,2.925
-8.014,2.925
-7.964,2.925
-7.914,2.925
-7.864,2.925
-7.814,2.925
-7.764,2.925
-7.714,2.925
-7.664,2.925
-7.614,2.925
-7.564,2.925
-7.514,2.925
-7.464,2.925
-7.414,2.925
-7.364,2.925
-7.314,2.925
-7.264,2.925
-7.214,2.925
-7.164,2.925
-7.114,2.925
-7.064,2.925
-7.014,2.925
-6.964,2.925
-6.914,2.925
-6.864,2.925
-6.814,2.925
-6.764,2.925
-6.714,2.925
-6.664,2.925
-6.614,2.925
-6.564,2.925
-6.514,2.925
-6.464,2.925
-6.414,2.925
-6.364,2.925
-6.314,2.925
-6.264,2.925
-6.214,2.925
-6.164,2.925
-6.114,2.925
-6.064,2.925
-6.014,2.925
-5.964,2.925
-5.914,2.925
-5.864,2.925
-5.814,2.925
-5.764,2.925
-5.714,2.925
-5.664,2.925
-5.614,2.925
-5.564,2.925
-5.514,2.975
-5.464,2.975
-5.414,2.975
-5.364,2.975
-5.314,2.975
-5.264,2.975
-5.214,2.975
-5.164,2.975
-5.114,2.975
-5.064,2.975
-5.014,2.975
-4.964,2.975
-4.914,2.975
-4.864,2.975
-4.814,2.975
-4.764,2.975
-4.714,2.975
-4.664,2.975
-4.614,2.975
-4.564,3.025
-4.514,3.025
-4.464,3.025
-4.414,3.025
-4.364,3.025
-4.314,3.025
-4.264,3.025
-4.214,3.025
-4.164,3.025
-4.114,3.025
-4.064,3.025
-4.014,3.025
-3.964,3.025
-3.914,3.025
-3.864,3.025
-3.814,3.025
-3.764,3.025
-3.714,3.025
-3.664,3.025
-3.614,3.025
-3.564,3.025
-3.514,3.025
-3.464,3.025
-3.414,3.025
-3.364,3.025
-3.314,3.025
-3.264,3.025
-3.214,3.025
-3.164,3.025
-3.114,3.025
-3.064,3.025
-3.014,3.025
-2.964,3.025
-2.914,3.025
-2.864,3.025
-2.814,3.025
-2.764,3.025
-2.714,3.025
-2.664,3.025
-2.614,3.025
-2.564,3.025
-2.514,3.025
-2.464,3.025
-2.414,3.025
-2.364,3.025
-2.314,3.075
-2.264,3.075
-2.214,3.075
-2.164,3.075
-2.114,3.075
-2.064,3.075
-2.014,3.075
-1.964,3.075
-1.914,3.075
-1.864,3.075
-1.814,3.075
-1.764,3.075
-1.714,3.075
-1.664,3.075
-1.614,3.075
-1.564,3.075
-1.514,3.075
-1.464,3.075
-1.414,3.075
-1.364,3.075
-1.314,3.075
-1.264,3.075
-1.214,3.075
-1.164,3.075
-1.114,3.075
-1.064,3.075
-1.014,3.075
-0.964,3.125
-0.914,3.125
-0.864,3.125
-0.814,3.125
-0.764,3.125
-0.714,3.125
-0.664,3.125
-0.614,3.125
-0.564,3.125
-0.514,3.125
-0.464,3.125
-0.414,3.125
-0.364,3.125
-0.314,3.125
-0.264,3.125
-0.214,3.125
-0.164,3.125
-0.114,3.125
-0.064,3.125
-0.014,3.125
0.036,3.125
0.086,3.125
0.136,3.125
0.186,3.125
0.236,3.125
0.286,3.125
0.336,3.125
0.386,3.125
0.436,3.125
0.486,3.125
0.536,3.125
0.586,3.125
0.636,3.125
0.686,3.125
0.736,3.125
0.786,3.125
0.836,3.125
0.886,3.125
0.936,3.125
0.986,3.125
1.036,3.125
1.086,3.125
1.136,3.125
1.186,3.125
1.236,3.125
1.286,3.125
1.336,3.125
1.386,3.125
1.436,3.125
1.486,3.125
1.536,3.125
1.586,3.125
1.636,3.125
1.686,3.125
1.736,3.125
1.786,3.125
1.836,3.125
1.886,3.125
1.936,3.125
1.986,3.125
2.036,3.125
2.086,3.125
2.136,3.125
2.186,3.125
2.236,3.125
2.286,3.125
2.336,3.125
2.386,3.125
2.436,3.125
2.486,3.125
2.536,3.125
2.586,3.125
2.636,3.125
2.686,3.175
2.736,3.175
2.786,3.175
2.836,3.175
2.886,3.175
2.936,3.175
2.986,3.175
3.036,3.175
3.086,3.175
3.136,3.175
3.186,3.175
3.236,3.175
3.286,3.175
3.336,3.175
3.386,3.175
3.436,3.175
3.486,3.175
3.536,3.175
3.586,3.175
3.636,3.175
3.686,3.175
3.736,3.175
3.786,3.175
3.836,3.175
3.886,3.175
3.936,3.225
3.986,3.225
4.036,3.225
4.086,3.225
4.136,3.225
4.186,3.225
4.236,3.225
4.286,3.225
4.336,3.225
4.386,3.225
4.436,3.225
4.486,3.225
4.536,3.225
4.586,3.225
4.636,3.225
4.686,3.225
4.736,3.225
4.786,3.225
4.836,3.225
4.886,3.225
4.936,3.225
4.986,3.225
5.036,3.225
5.086,3.225
5.136,3.225
5.186,3.225
5.236,3.225
5.286,3.225
5.336,3.225
5.386,3.225
5.436,3.225
5.486,3.225
5.536,3.225
5.586,3.275
5.636,3.275
5.686,3.275
5.736,3.275
5.786,3.275
5.836,3.275
5.886,3.275
5.936,3.275
5.986,3.275
6.036,3.275
6.086,3.275
6.136,3.275
6.186,3.275
6.236,3.275
6.286,3.275
6.336,3.275
6.386,3.275
6.436,3.275
6.486,3.275
6.536,3.275
6.586,3.275
6.636,3.275
6.686,3.275
6.736,3.275
6.786,3.275
6.836,3.275
6.886,3.275
6.936,3.275
6.986,3.275
7.036,3.275
7.086,3.275
7.136,3.275
7.136,3.225
7.136,3.175
7.136,3.125
7.136,3.075
7.136,3.025
7.136,2.975
7.136,2.925
7.136,2.875
7.136,2.825
7.136,2.775
7.136,2.725
7.136,2.675
7.136,2.625
7.136,2.575
7.136,2.525
7.136,2.475
7.136,2.425
7.136,2.375
7.136,2.325
7.136,2.275
7.136,2.225
7.136,2.175
7.136,2.125
7.136,2.075
7.136,2.025
7.136,1.975
7.086,1.925
7.086,1.875
7.086,1.825
7.086,1.775
7.036,1.725
7.036,1.675
7.036,1.625
6.986,1.575
6.986,1.525
6.986,1.475
6.936,1.425
6.936,1.375
6.886,1.325
6.886,1.275
6.886,1.225
6.836,1.175
6.836,1.125
6.836,1.075
6.786,1.025
6.786,0.975
6.786,0.925
6.736,0.875
6.736,0.825
6.736,0.775
6.686,0.725
6.686,0.675
6.636,0.625
6.636,0.575
6.586,0.525
6.536,0.475
6.536,0.425
6.486,0.375
6.436,0.325
6.436,0.275
6.386,0.225
6.336,0.175
6.286,0.125
6.236,0.075
6.186,0.025
6.136,-0.025
6.086,-0.075
6.036,-0.075
5.986,-0.125
5.936,-0.175
5.886,-0.175
5.836,-0.225
5.786,-0.225
5.736,-0.275
5.686,-0.275
5.636,-0.275
5.586,-0.325
5.536,-0.325
5.486,-0.325
5.436,-0.375
5.386,-0.375
5.336,-0.375
5.286,-0.375
5.236,-0.425
5.186,-0.425
5.136,-0.425
5.086,-0.425
5.036,-0.425
4.986,-0.425
4.936,-0.425
4.886,-0.425
4.836,-0.475
4.786,-0.475
4.736,-0.475
4.686,-0.475
4.636,-0.475
4.586,-0.475
4.536,-0.475
4.486,-0.475
4.436,-0.475
4.386,-0.475
4.336,-0.475
4.286,-0.475
4.236,-0.475
4.186,-0.475
4.136,-0.475
4.086,-0.475
4.036,-0.475
3.986,-0.475
3.936,-0.475
3.886,-0.475
3.836,-0.475
3.786,-0.475
3.736,-0.475
3.686,-0.475
3.636,-0.475
3.586,-0.475
3.536,-0.475
3.486,-0.475
3.436,-0.475
3.386,-0.475
3.336,-0.475
3.286,-0.475
3.236,-0.525
3.186,-0.525
3.136,-0.525
3.086,-0.525
3.036,-0.525
2.986,-0.525
2.936,-0.525
2.886,-0.525
2.836,-0.525
2.786,-0.525
2.736,-0.525
2.686,-0.525
2.636,-0.525
2.586,-0.525
2.536,-0.525
2.486,-0.525
2.436,-0.525
2.386,-0.525
2.336,-0.525
2.286,-0.525
2.236,-0.525
2.186,-0.525
2.136,-0.525
2.086,-0.525
2.036,-0.525
1.986,-0.525
1.936,-0.525
1.886,-0.525
1.836,-0.525
1.786,-0.525
1.736,-0.525
1.686,-0.525
1.636,-0.525
1.586,-0.525
1.536,-0.525
1.486,-0.525
1.436,-0.525
1.386,-0.525
1.336,-0.525
1.286,-0.525
1.236,-0.525
1.186,-0.525
1.136,-0.525
1.086,-0.525
1.036,-0.525
0.986,-0.525
0.936,-0.525
0.886,-0.525
0.836,-0.525
0.786,-0.525
0.736,-0.525
0.686,-0.525
0.636,-0.525
0.586,-0.525
0.536,-0.525
0.486,-0.525
0.436,-0.525
0.386,-0.575
0.336,-0.575
0.286,-0.575
0.236,-0.575
0.186,-0.575
0.136,-0.575
0.086,-0.575
0.036,-0.575
-0.014,-0.575
-0.064,-0.575
-0.114,-0.575
-0.164,-0.575
-0.214,-0.575
-0.264,-0.575
-0.314,-0.575
-0.364,-0.575
-0.414,-0.575
-0.464,-0.525
-0.514,-0.525
-0.564,-0.525
-0.614,-0.525
-0.664,-0.525
-0.714,-0.525
-0.764,-0.525
-0.814,-0.525
-0.864,-0.525
-0.914,-0.525
-0.964,-0.525
-1.014,-0.525
-1.064,-0.525
-1.114,-0.525
-1.164,-0.525
-1.214,-0.525
-1.264,-0.525
-1.314,-0.525
-1.364,-0.525
-1.414,-0.525
-1.464,-0.525
-1.514,-0.525
-1.564,-0.525
-1.614,-0.525
-1.664,-0.525
-1.714,-0.525
-1.764,-0.575
-1.814,-0.575
-1.864,-0.575
-1.914,-0.575
-1.964,-0.575
-2.014,-0.575
-2.064,-0.575
-2.114,-0.575
-2.164,-0.575
-2.214,-0.575
-2.264,-0.575
-2.314,-0.575
-2.364,-0.575
-2.414,-0.575
-2.464,-0.575
-2.514,-0.575
-2.564,-0.575
-2.614,-0.575
-2.664,-0.575
-2.714,-0.575
-2.764,-0.575
-2.814,-0.575
-2.864,-0.575
-2.914,-0.575
-2.964,-0.575
-3.014,-0.575
-3.064,-0.575
-3.114,-0.575
-3.164,-0.575
-3.214,-0.575
-3.264,-0.575
-3.314,-0.575
-3.364,-0.575
-3.414,-0.575
-3.464,-0.575
-3.514,-0.575
-3.564,-0.575
-3.614,-0.575
-3.664,-0.575
-3.714,-0.575
-3.764,-0.575
-3.814,-0.575
-3.864,-0.575
-3.914,-0.575
-3.964,-0.575
-4.014,-0.575
-4.064,-0.575
-4.114,-0.575
-4.164,-0.575
-4.214,-0.575
-4.264,-0.575
-4.314,-0.575
-4.364,-0.575
-4.414,-0.575
-4.464,-0.575
-4.514,-0.575
-4.564,-0.575
-4.614,-0.575
-4.664,-0.575
-4.714,-0.575
-4.764,-0.575
-4.814,-0.575
-4.864,-0.575
-4.914,-0.575
-4.964,-0.575
-5.014,-0.575
-5.064,-0.575
-5.114,-0.575
-5.164,-0.575
-5.214,-0.575
-5.264,-0.575
-5.314,-0.575
-5.364,-0.575
-5.414,-0.575
-5.464,-0.575
-5.514,-0.575
-5.564,-0.575
-5.614,-0.575
-5.664,-0.575
-5.714,-0.575
-5.764,-0.575
-5.814,-0.575
-5.864,-0.575
-5.914,-0.575
-5.964,-0.575
-6.014,-0.575
-6.064,-0.575
-6.114,-0.575
-6.164,-0.575
-6.214,-0.575
-6.264,-0.575
-6.314,-0.575
-6.364,-0.575
-6.414,-0.575
-6.464,-0.575
-6.514,-0.575
-6.564,-0.575
-6.614,-0.575
-6.664,-0.575
-6.714,-0.575
-6.764,-0.575
-6.814,-0.575
-6.864,-0.575
-6.914,-0.575
-6.964,-0.575
-7.014,-0.575
-7.064,-0.575
-7.114,-0.625
-7.164,-0.625
-7.214,-0.675
-7.214,-0.725
-7.214,-0.775
-7.214,-0.825
-7.214,-0.875
-7.264,-0.875
-7.314,-0.925
-7.364,-0.975
-7.414,-1.025
-7.414,-1.075
-7.364,-1.125
-7.364,-1.175
-7.364,-1.225
-7.314,-1.275
-7.314,-1.325
-7.314,-1.375
-7.264,-1.425
-7.264,-1.475
-7.264,-1.525
-7.264,-1.575
-7.264,-1.625
-7.214,-1.675
-7.214,-1.725
-7.214,-1.775
-7.164,-1.825
-7.164,-1.875
-7.114,-1.925
-7.114,-1.975
-7.064,-2.025
-7.064,-2.075
-7.014,-2.125
-7.014,-2.175
-6.964,-2.225
-6.964,-2.275
-6.914,-2.325
-6.914,-2.375
-6.864,-2.425
-6.864,-2.475
-6.814,-2.525
-6.814,-2.575
-6.764,-2.625
-6.764,-2.675
-6.714,-2.725
-6.664,-2.775
-6.614,-2.825
-6.564,-2.875
-6.564,-2.925
-6.564,-2.975
-6.514,-3.025
-6.514,-3.075
-6.464,-3.125
-6.464,-3.175
-6.414,-3.225
-6.364,-3.275
-6.364,-3.325
-6.314,-3.375
-6.264,-3.425
-6.214,-3.475
-6.164,-3.525
-6.114,-3.575
-6.064,-3.625
-6.014,-3.675
-5.964,-3.725
-5.914,-3.775
-5.864,-3.825
-5.814,-3.825
-5.764,-3.875
-5.714,-3.925
-5.664,-3.925
-5.614,-3.975
-5.564,-4.025
-5.514,-4.025
-5.464,-4.075
-5.414,-4.075
-5.364,-4.075
-5.314,-4.125
-5.264,-4.125
-5.214,-4.175
-5.164,-4.175
-5.114,-4.175
-5.064,-4.175
-5.014,-4.175
-4.964,-4.175
-4.914,-4.175
-4.864,-4.125
-4.814,-4.125
-4.764,-4.125
-4.714,-4.125
-4.664,-4.075
-4.614,-4.075
-4.564,-4.075
-4.514,-4.075
-4.464,-4.025
-4.414,-4.025
-4.364,-4.025
-4.314,-3.975
-4.264,-3.975
-4.214,-3.925
-4.164,-3.925
-4.114,-3.875
-4.064,-3.875
-4.014,-3.825
-3.964,-3.825
-3.914,-3.825
-3.864,-3.775
-3.814,-3.775
-3.764,-3.725
-3.714,-3.725
-3.664,-3.725
-3.614,-3.675
-3.564,-3.675
-3.514,-3.625
-3.464,-3.625
-3.414,-3.575
-3.364,-3.525
-3.314,-3.525
-3.264,-3.475
-3.214,-3.475
-3.164,-3.425
-3.114,-3.425
-3.064,-3.375
-3.014,-3.375
-2.964,-3.325
-2.914,-3.325
-2.864,-3.275
-2.814,-3.225
-2.764,-3.225
-2.714,-3.175
-2.664,-3.175
-2.614,-3.125
-2.564,-3.125
-2.514,-3.075
-2.464,-3.025
-2.414,-2.975
-2.364,-2.975
-2.314,-2.975
-2.264,-2.975
-2.214,-2.975
-2.164,-2.975
-2.114,-2.975
-2.064,-2.975
-2.014,-2.975
-1.964,-2.975
-1.914,-3.025
-1.864,-3.075
-1.814,-3.075
-1.764,-3.125
-1.714,-3.125
-1.664,-3.175
-1.614,-3.175
-1.564,-3.225
-1.514,-3.225
-1.464,-3.225
-1.414,-3.275
-1.364,-3.275
-1.314,-3.325
-1.264,-3.325
-1.214,-3.375
-1.164,-3.375
-1.114,-3.425
-1.064,-3.425
-1.014,-3.425
-0.964,-3.475
-0.914,-3.525
-0.864,-3.525
-0.814,-3.575
-0.764,-3.575
-0.714,-3.625
-0.664,-3.625
-0.614,-3.625
-0.564,-3.675
-0.514,-3.675
-0.464,-3.725
-0.414,-3.775
-0.364,-3.775
-0.314,-3.825
-0.264,-3.875
-0.214,-3.875
-0.164,-3.925
-0.114,-3.975
-0.064,-3.975
-0.014,-4.025
0.036,-4.075
0.086,-4.125
0.136,-4.125
0.186,-4.175
0.236,-4.225
0.286,-4.275
0.336,-4.325
0.386,-4.325
0.436,-4.375
0.486,-4.425
0.536,-4.475
0.586,-4.475
0.636,-4.525
0.686,-4.525
0.736,-4.575
0.786,-4.625
0.836,-4.625
0.886,-4.675
0.936,-4.675
0.986,-4.675
1.036,-4.725
1.086,-4.725
1.136,-4.725
1.186,-4.775
1.236,-4.775
1.286,-4.775
1.336,-4.825
1.386,-4.825
1.436,-4.825
1.486,-4.875
1.536,-4.875
1.586,-4.875
1.636,-4.875
1.686,-4.875
1.736,-4.875
1.786,-4.875
1.836,-4.875
1.886,-4.875
1.936,-4.925
1.986,-4.925
2.036,-4.875
2.086,-4.875
2.136,-4.875
2.186,-4.875
2.236,-4.825
2.286,-4.825
2.336,-4.775
2.386,-4.775
2.436,-4.725
2.486,-4.675
2.486,-4.625
2.536,-4.575
2.586,-4.525
2.636,-4.475
2.686,-4.425
2.686,-4.375
2.736,-4.325
2.786,-4.275
2.786,-4.225
2.836,-4.175
2.886,-4.125
2.886,-4.075
2.936,-4.025
2.936,-3.975
2.986,-3.925
3.036,-3.875
3.036,-3.825
3.036,-3.775
3.086,-3.725
3.086,-3.675
3.136,-3.625
3.136,-3.575
3.186,-3.525
3.186,-3.475
3.186,-3.425
3.236,-3.375
3.236,-3.325
3.236,-3.275
3.286,-3.225
3.286,-3.175
3.336,-3.125
3.336,-3.075
3.336,-3.025
3.386,-2.975
3.386,-2.925
3.386,-2.875
3.386,-2.825
3.436,-2.775
3.436,-2.725
3.436,-2.675
3.436,-2.625
3.486,-2.575
3.486,-2.525
3.486,-2.475
3.486,-2.425
3.486,-2.375
3.486,-2.325
3.486,-2.275
3.486,-2.225
3.486,-2.175
3.486,-2.125
3.486,-2.075
3.486,-2.025
3.486,-1.975
3.486,-1.925
3.486,-1.875
3.486,-1.825
3.486,-1.775
3.486,-1.725
3.486,-1.675
3.536,-1.625
3.536,-1.575
3.586,-1.525
3.586,-1.475
3.636,-1.425
3.636,-1.375
3.686,-1.375
3.736,-1.325
3.786,-1.325
3.836,-1.275
3.886,-1.275
3.936,-1.275
3.986,-1.275
4.036,-1.275
4.086,-1.225
4.136,-1.225
4.186,-1.225
4.236,-1.225
4.286,-1.225
4.336,-1.225
4.386,-1.225
4.436,-1.225
4.486,-1.225
4.536,-1.225
4.586,-1.225
4.636,-1.225
4.686,-1.225
4.736,-1.225
4.786,-1.225
4.836,-1.225
4.886,-1.225
4.936,-1.225
4.986,-1.225
5.036,-1.225
5.086,-1.275
5.136,-1.275
5.186,-1.275
5.236,-1.325
5.286,-1.325
5.336,-1.325
5.386,-1.375
5.436,-1.375
5.486,-1.375
5.536,-1.425
5.586,-1.425
5.636,-1.425
5.686,-1.475
5.736,-1.475
5.786,-1.475
5.836,-1.525
5.886,-1.525
5.936,-1.575
5.986,-1.575
6.036,-1.625
6.086,-1.625
6.136,-1.675
6.186,-1.675
6.236,-1.725
6.286,-1.725
6.336,-1.775
6.386,-1.825
6.436,-1.875
6.486,-1.925
6.536,-1.975
6.586,-2.025
6.586,-2.075
6.636,-2.125
6.636,-2.175
6.686,-2.225
6.686,-2.275
6.686,-2.325
6.736,-2.375
6.736,-2.425
6.736,-2.475
6.736,-2.525
6.736,-2.575
6.736,-2.625
6.736,-2.675
6.736,-2.725
6.736,-2.775
6.736,-2.825
6.736,-2.875
6.736,-2.925
6.736,-2.975
6.736,-3.025
6.736,-3.075
6.736,-3.125
6.736,-3.175
6.736,-3.225
6.736,-3.275
6.736,-3.325
6.736,-3.375
6.736,-3.425
6.736,-3.475
6.736,-3.525
6.736,-3.575
6.736,-3.625
6.736,-3.675
6.736,-3.725
6.686,-3.775
6.686,-3.825
6.686,-3.875
6.686,-3.925
6.686,-3.975
6.636,-4.025
6.636,-4.075
6.586,-4.125
6.586,-4.175
6.586,-4.225
6.586,-4.275
6.536,-4.325
6.536,-4.375
6.536,-4.425
6.536,-4.475
6.486,-4.525
6.486,-4.575
6.486,-4.625
6.486,-4.675
6.486,-4.725
6.436,-4.775
6.436,-4.825
6.436,-4.875
6.436,-4.925
6.386,-4.975
6.386,-5.025
6.386,-5.075
6.386,-5.125
6.336,-5.175
6.336,-5.225
6.336,-5.275
6.286,-5.325
6.286,-5.375
6.236,-5.425
6.186,-5.475
6.136,-5.525
6.136,-5.575
6.086,-5.625
6.036,-5.675
5.986,-5.725
5.986,-5.775
5.936,-5.825
5.886,-5.875
5.836,-5.925
5.836,-5.975
5.786,-6.025
5.736,-6.075
5.686,-6.125
5.686,-6.175
5.636,-6.225
5.586,-6.275
5.536,-6.325
5.486,-6.375
5.436,-6.425
5.386,-6.475
5.336,-6.525
5.336,-6.575
5.286,-6.625
5.236,-6.675
5.186,-6.725
5.186,-6.775
5.136,-6.825
5.086,-6.875
5.036,-6.925
4.986,-6.975
4.936,-7.025
4.936,-7.075
4.886,-7.125
4.836,-7.175
4.786,-7.225
4.736,-7.275
4.736,-7.325
4.686,-7.375
4.636,-7.425
4.586,-7.475
4.536,-7.525
4.486,-7.575
4.436,-7.625
4.386,-7.675
4.336,-7.675
4.286,-7.725
4.236,-7.725
4.186,-7.775
4.136,-7.775
4.086,-7.825
4.036,-7.825
3.986,-7.825
3.936,-7.875
3.886,-7.875
3.836,-7.925
3.786,-7.925
3.736,-7.975
3.686,-7.975
3.636,-7.975
3.586,-8.025
3.536,-8.025
3.486,-8.075
3.436,-8.075
3.386,-8.125
3.336,-8.125
3.286,-8.125
3.236,-8.175
3.186,-8.175
3.136,-8.175
3.086,-8.175
3.036,-8.175
2.986,-8.175
2.936,-8.175
2.886,-8.175
2.836,-8.175
2.786,-8.175
2.736,-8.175
2.686,-8.175
2.636,-8.175
2.586,-8.175
2.536,-8.175
2.486,-8.175
2.436,-8.175
2.386,-8.225
2.336,-8.225
2.286,-8.225
2.236,-8.225
2.186,-8.225
2.136,-8.225
2.086,-8.225
2.036,-8.225
1.986,-8.225
1.936,-8.225
1.886,-8.225
